asctime;levelname;name;id;type;filepath;status;error
"2021-04-22 10:55:36.207829";"INFO";"naas_logger";"e237eed5-1130-461e-a378-efde46818cdd";"main";"runner";"init API";""
"2021-04-22 10:55:36.208153";"INFO";"naas_logger";"22e98520-6dba-4e3a-82ed-202bc9b83dfa";"main";"runner";"start API";""
"2021-04-22 10:55:37.990681";"INFO";"naas_logger";"b5328fc2-069b-49a8-93f9-a128c4c9aafb";"main";"runner";"init API";""
"2021-04-22 10:55:37.991088";"INFO";"naas_logger";"e29bd017-fe60-49d9-a938-43aa4500e0c5";"main";"runner";"start API";""
"2021-04-22 10:55:39.436291";"INFO";"naas_logger";"c984d339-1f31-4c76-b148-de0c9018c4e5";"main";"sheduler";"start SCHEDULER seconds=60, max_instances=60";""
"2021-04-22 10:56:39.495357";"INFO";"naas_logger";"70ed6b30-3680-4827-adb7-0ae345a13619";"scheduler";"scheduler";"started";""
"2021-04-22 10:56:39.499939";"INFO";"naas_logger";"70ed6b30-3680-4827-adb7-0ae345a13619";"scheduler";"scheduler";"healthy";""
"2021-04-22 10:57:04.222716";"INFO";"naas_logger";"12402bd3-2bcd-4878-8a3b-b22965429b49";"main";"runner";"init API";""
"2021-04-22 10:57:04.223115";"INFO";"naas_logger";"4a80a699-243b-4596-ae32-ce9566e4afbd";"main";"runner";"start API";""
"2021-04-22 10:57:05.851877";"INFO";"naas_logger";"1de74ede-3017-46ae-a62a-160d836d6cdc";"main";"runner";"init API";""
"2021-04-22 10:57:05.852144";"INFO";"naas_logger";"cf699278-ff3e-402b-96eb-6eab2bcfc612";"main";"runner";"start API";""
"2021-04-22 10:57:06.110529";"INFO";"naas_logger";"a81509ae-835c-4a11-a84c-098deeca60f9";"main";"sheduler";"start SCHEDULER seconds=60, max_instances=60";""
"2021-04-22 10:58:06.135046";"INFO";"naas_logger";"d8adc265-6258-4b37-8fb3-3cc6f3c6279b";"scheduler";"scheduler";"started";""
"2021-04-22 10:58:06.140532";"INFO";"naas_logger";"d8adc265-6258-4b37-8fb3-3cc6f3c6279b";"scheduler";"scheduler";"healthy";""
"2021-04-22 10:59:06.121556";"INFO";"naas_logger";"5bd1dddd-7289-465a-89ad-5c7886b67c63";"scheduler";"scheduler";"started";""
"2021-04-22 10:59:06.125770";"INFO";"naas_logger";"5bd1dddd-7289-465a-89ad-5c7886b67c63";"scheduler";"scheduler";"healthy";""
"2021-04-22 11:00:06.170024";"INFO";"naas_logger";"ba81e3f4-2e70-4efc-9522-fe9b05edc2cd";"scheduler";"scheduler";"started";""
"2021-04-22 11:00:06.173653";"INFO";"naas_logger";"ba81e3f4-2e70-4efc-9522-fe9b05edc2cd";"scheduler";"scheduler";"healthy";""
"2021-04-22 11:01:06.113463";"INFO";"naas_logger";"53084914-b51c-4ed8-9b68-615ebc6a8e49";"scheduler";"scheduler";"started";""
"2021-04-22 11:01:06.117078";"INFO";"naas_logger";"53084914-b51c-4ed8-9b68-615ebc6a8e49";"scheduler";"scheduler";"healthy";""
"2021-04-22 11:02:06.169883";"INFO";"naas_logger";"df4425db-a598-4591-8464-d6b01260c364";"scheduler";"scheduler";"started";""
"2021-04-22 11:02:06.173619";"INFO";"naas_logger";"df4425db-a598-4591-8464-d6b01260c364";"scheduler";"scheduler";"healthy";""
"2021-04-22 11:03:06.159420";"INFO";"naas_logger";"5a8ab75b-b09f-49bb-bf3a-42ac9f256a5c";"scheduler";"scheduler";"started";""
"2021-04-22 11:03:06.162785";"INFO";"naas_logger";"5a8ab75b-b09f-49bb-bf3a-42ac9f256a5c";"scheduler";"scheduler";"healthy";""
"2021-04-22 11:04:06.169895";"INFO";"naas_logger";"44bea1c7-35aa-46db-b3d3-536b748131f2";"scheduler";"scheduler";"started";""
"2021-04-22 11:04:06.173797";"INFO";"naas_logger";"44bea1c7-35aa-46db-b3d3-536b748131f2";"scheduler";"scheduler";"healthy";""
"2021-04-22 11:05:06.121762";"INFO";"naas_logger";"78d51689-ae43-4832-91e3-3ee671dd15d9";"scheduler";"scheduler";"started";""
"2021-04-22 11:05:06.124830";"INFO";"naas_logger";"78d51689-ae43-4832-91e3-3ee671dd15d9";"scheduler";"scheduler";"healthy";""
"2021-04-22 11:06:06.169839";"INFO";"naas_logger";"c173598c-0888-43b8-ac09-c974e8f6b442";"scheduler";"scheduler";"started";""
"2021-04-22 11:06:06.173873";"INFO";"naas_logger";"c173598c-0888-43b8-ac09-c974e8f6b442";"scheduler";"scheduler";"healthy";""
"2021-04-22 11:07:06.112585";"INFO";"naas_logger";"34678a00-76a6-43d8-b7ba-a610cf78f2e0";"scheduler";"scheduler";"started";""
"2021-04-22 11:07:06.116076";"INFO";"naas_logger";"34678a00-76a6-43d8-b7ba-a610cf78f2e0";"scheduler";"scheduler";"healthy";""
"2021-04-22 11:08:06.169854";"INFO";"naas_logger";"f604c60b-a9d7-45a4-a0a1-4bb0cb728328";"scheduler";"scheduler";"started";""
"2021-04-22 11:08:06.173012";"INFO";"naas_logger";"f604c60b-a9d7-45a4-a0a1-4bb0cb728328";"scheduler";"scheduler";"healthy";""
"2021-04-22 11:09:06.169901";"INFO";"naas_logger";"b6333ef9-6ea9-4966-9130-88214b61da46";"scheduler";"scheduler";"started";""
"2021-04-22 11:09:06.173320";"INFO";"naas_logger";"b6333ef9-6ea9-4966-9130-88214b61da46";"scheduler";"scheduler";"healthy";""
"2021-04-22 11:10:06.172875";"INFO";"naas_logger";"95fb2d28-bc56-4e6c-a45b-bec870403d69";"scheduler";"scheduler";"started";""
"2021-04-22 11:10:06.176484";"INFO";"naas_logger";"95fb2d28-bc56-4e6c-a45b-bec870403d69";"scheduler";"scheduler";"healthy";""
"2021-04-22 11:11:06.128309";"INFO";"naas_logger";"aded7a43-b224-420e-b26f-8a5b0fcdb805";"scheduler";"scheduler";"started";""
"2021-04-22 11:11:06.132612";"INFO";"naas_logger";"aded7a43-b224-420e-b26f-8a5b0fcdb805";"scheduler";"scheduler";"healthy";""
"2021-04-22 11:12:06.170047";"INFO";"naas_logger";"94b55d62-cc28-4b7a-b943-37f1d8b9bbe2";"scheduler";"scheduler";"started";""
"2021-04-22 11:12:06.174915";"INFO";"naas_logger";"94b55d62-cc28-4b7a-b943-37f1d8b9bbe2";"scheduler";"scheduler";"healthy";""
"2021-04-22 11:13:06.155017";"INFO";"naas_logger";"51f9a906-d243-4d8c-ab9a-f77d8e6bf405";"scheduler";"scheduler";"started";""
"2021-04-22 11:13:06.158905";"INFO";"naas_logger";"51f9a906-d243-4d8c-ab9a-f77d8e6bf405";"scheduler";"scheduler";"healthy";""
"2021-04-22 11:14:06.169855";"INFO";"naas_logger";"7ada9415-9d1d-433f-bbd4-04ca9d8f6ecc";"scheduler";"scheduler";"started";""
"2021-04-22 11:14:06.173817";"INFO";"naas_logger";"7ada9415-9d1d-433f-bbd4-04ca9d8f6ecc";"scheduler";"scheduler";"healthy";""
"2021-04-22 11:15:06.169953";"INFO";"naas_logger";"723553c1-6ace-4115-a2f6-d9f7ff2d6a32";"scheduler";"scheduler";"started";""
"2021-04-22 11:15:06.172829";"INFO";"naas_logger";"723553c1-6ace-4115-a2f6-d9f7ff2d6a32";"scheduler";"scheduler";"healthy";""
"2021-04-22 11:26:54.649574";"INFO";"naas_logger";"d715bab1-d5dd-4a0d-8eb1-a10957cec843";"main";"runner";"init API";""
"2021-04-22 11:26:54.650004";"INFO";"naas_logger";"f0601cc0-9b0c-4639-8f50-a84b2f577dda";"main";"runner";"start API";""
"2021-04-22 11:26:57.167112";"INFO";"naas_logger";"b59b6793-16f5-40e2-ab7b-f887c2928eda";"main";"runner";"init API";""
"2021-04-22 11:26:57.167646";"INFO";"naas_logger";"564ed623-4890-40eb-8441-71a1b248406a";"main";"runner";"start API";""
"2021-04-22 11:26:57.603243";"INFO";"naas_logger";"e74baa5d-522f-44d3-83ea-fbc95ade77a6";"main";"sheduler";"start SCHEDULER seconds=60, max_instances=60";""
"2021-04-22 11:27:57.663438";"INFO";"naas_logger";"ebcd5acb-601c-41db-a2a6-90e1894c4b99";"scheduler";"scheduler";"started";""
"2021-04-22 11:27:57.670177";"INFO";"naas_logger";"ebcd5acb-601c-41db-a2a6-90e1894c4b99";"scheduler";"scheduler";"healthy";""
"2021-04-22 11:28:57.660964";"INFO";"naas_logger";"c0955f08-8631-43ce-9a50-b8d683651e5d";"scheduler";"scheduler";"started";""
"2021-04-22 11:28:57.664763";"INFO";"naas_logger";"c0955f08-8631-43ce-9a50-b8d683651e5d";"scheduler";"scheduler";"healthy";""
"2021-04-22 11:29:57.636960";"INFO";"naas_logger";"80549aca-3ab6-4640-8054-9181921ce0e7";"scheduler";"scheduler";"started";""
"2021-04-22 11:29:57.641332";"INFO";"naas_logger";"80549aca-3ab6-4640-8054-9181921ce0e7";"scheduler";"scheduler";"healthy";""
"2021-04-22 11:30:57.609334";"INFO";"naas_logger";"2340b40d-a193-43b4-b200-876f7837947a";"scheduler";"scheduler";"started";""
"2021-04-22 11:30:57.613139";"INFO";"naas_logger";"2340b40d-a193-43b4-b200-876f7837947a";"scheduler";"scheduler";"healthy";""
"2021-04-22 11:31:57.661409";"INFO";"naas_logger";"8b331d99-180d-47c7-aab5-e7c818d445c9";"scheduler";"scheduler";"started";""
"2021-04-22 11:31:57.665154";"INFO";"naas_logger";"8b331d99-180d-47c7-aab5-e7c818d445c9";"scheduler";"scheduler";"healthy";""
"2021-04-22 11:34:49.158882";"INFO";"naas_logger";"791f0fd7-498a-4ed0-a9cc-482a862a30b3";"main";"runner";"init API";""
"2021-04-22 11:34:49.159374";"INFO";"naas_logger";"be9a5de0-cc5c-4c48-afc6-671fa0114663";"main";"runner";"start API";""
"2021-04-22 11:34:51.211713";"INFO";"naas_logger";"2e7d0466-e931-4df1-8fd0-588b62eed726";"main";"runner";"init API";""
"2021-04-22 11:34:51.212203";"INFO";"naas_logger";"492cd34d-aa53-49ca-9a17-f3d5ec53a8fd";"main";"runner";"start API";""
"2021-04-22 11:34:51.566030";"INFO";"naas_logger";"4ab8d881-b3ef-44cc-a3a4-e2175073a687";"main";"sheduler";"start SCHEDULER seconds=60, max_instances=60";""
"2021-04-22 11:35:29.214712";"INFO";"naas_logger";"96c0fd39-cf62-40d5-934d-02b69eea5f7b";"main";"runner";"init API";""
"2021-04-22 11:35:29.216038";"INFO";"naas_logger";"5924639a-2b44-4052-8e0a-547442136c35";"main";"runner";"start API";""
"2021-04-22 11:35:30.894317";"INFO";"naas_logger";"f760111e-a0de-437f-855a-5bb549b077ad";"main";"runner";"init API";""
"2021-04-22 11:35:30.894707";"INFO";"naas_logger";"caa19d8f-0794-4abe-9516-f7bc8a156853";"main";"runner";"start API";""
"2021-04-22 11:35:31.192843";"INFO";"naas_logger";"473697dd-d19e-4461-a0b5-1a486eafd697";"main";"sheduler";"start SCHEDULER seconds=60, max_instances=60";""
"2021-04-22 11:36:31.245367";"INFO";"naas_logger";"6e79c27c-b25e-4b0d-945f-6544cf65bc85";"scheduler";"scheduler";"started";""
"2021-04-22 11:36:31.249200";"INFO";"naas_logger";"6e79c27c-b25e-4b0d-945f-6544cf65bc85";"scheduler";"scheduler";"healthy";""
"2021-04-22 11:37:31.199340";"INFO";"naas_logger";"329ca987-21fa-46bb-86d1-e2f76745f371";"scheduler";"scheduler";"started";""
"2021-04-22 11:37:31.202862";"INFO";"naas_logger";"329ca987-21fa-46bb-86d1-e2f76745f371";"scheduler";"scheduler";"healthy";""
"2021-04-22 11:38:31.253064";"INFO";"naas_logger";"9dde8bd0-599a-4b78-935c-b333dba0a58e";"scheduler";"scheduler";"started";""
"2021-04-22 11:38:31.255942";"INFO";"naas_logger";"9dde8bd0-599a-4b78-935c-b333dba0a58e";"scheduler";"scheduler";"healthy";""
"2021-04-22 11:39:31.231294";"INFO";"naas_logger";"69b4e8cd-d110-48f4-a647-77ee9f6cedd4";"scheduler";"scheduler";"started";""
"2021-04-22 11:39:31.234711";"INFO";"naas_logger";"69b4e8cd-d110-48f4-a647-77ee9f6cedd4";"scheduler";"scheduler";"healthy";""
"2021-04-22 11:40:31.245866";"INFO";"naas_logger";"7e26f752-8c75-419c-ae5e-e218befab202";"scheduler";"scheduler";"started";""
"2021-04-22 11:40:31.249255";"INFO";"naas_logger";"7e26f752-8c75-419c-ae5e-e218befab202";"scheduler";"scheduler";"healthy";""
"2021-04-22 11:41:31.233521";"INFO";"naas_logger";"c39d1a19-c6d5-4d6a-a4c0-8a909e9ffed0";"scheduler";"scheduler";"started";""
"2021-04-22 11:41:31.236684";"INFO";"naas_logger";"c39d1a19-c6d5-4d6a-a4c0-8a909e9ffed0";"scheduler";"scheduler";"healthy";""
"2021-04-22 11:42:31.205280";"INFO";"naas_logger";"7fa5561d-1236-495b-92b0-0d7ff1f69f45";"scheduler";"scheduler";"started";""
"2021-04-22 11:42:31.208511";"INFO";"naas_logger";"7fa5561d-1236-495b-92b0-0d7ff1f69f45";"scheduler";"scheduler";"healthy";""
"2021-04-22 11:43:31.241478";"INFO";"naas_logger";"20ba32ba-1de5-4492-9009-a7afed7b519f";"scheduler";"scheduler";"started";""
"2021-04-22 11:43:31.244931";"INFO";"naas_logger";"20ba32ba-1de5-4492-9009-a7afed7b519f";"scheduler";"scheduler";"healthy";""
"2021-04-22 11:44:31.245203";"INFO";"naas_logger";"48944b66-cbed-4168-8002-deece6de7222";"scheduler";"scheduler";"started";""
"2021-04-22 11:44:31.248640";"INFO";"naas_logger";"48944b66-cbed-4168-8002-deece6de7222";"scheduler";"scheduler";"healthy";""
"2021-04-22 11:45:31.215134";"INFO";"naas_logger";"7346180c-b2ff-4cc2-9c8a-23f8d7a47114";"scheduler";"scheduler";"started";""
"2021-04-22 11:45:31.218887";"INFO";"naas_logger";"7346180c-b2ff-4cc2-9c8a-23f8d7a47114";"scheduler";"scheduler";"healthy";""
"2021-04-22 11:46:31.245073";"INFO";"naas_logger";"b278432d-2d55-428f-b2b7-c0808c581d2a";"scheduler";"scheduler";"started";""
"2021-04-22 11:46:31.252935";"INFO";"naas_logger";"b278432d-2d55-428f-b2b7-c0808c581d2a";"scheduler";"scheduler";"healthy";""
"2021-04-22 11:47:31.215110";"INFO";"naas_logger";"b99e2393-eb12-472f-9e14-a093061b073d";"scheduler";"scheduler";"started";""
"2021-04-22 11:47:31.218445";"INFO";"naas_logger";"b99e2393-eb12-472f-9e14-a093061b073d";"scheduler";"scheduler";"healthy";""
"2021-04-22 11:48:31.251431";"INFO";"naas_logger";"8933e1e8-8935-4522-8a9d-b5517ae44430";"scheduler";"scheduler";"started";""
"2021-04-22 11:48:31.255612";"INFO";"naas_logger";"8933e1e8-8935-4522-8a9d-b5517ae44430";"scheduler";"scheduler";"healthy";""
"2021-04-22 11:49:31.208846";"INFO";"naas_logger";"ef41a299-041c-42e8-9b98-918493ff9118";"scheduler";"scheduler";"started";""
"2021-04-22 11:49:31.212210";"INFO";"naas_logger";"ef41a299-041c-42e8-9b98-918493ff9118";"scheduler";"scheduler";"healthy";""
"2021-04-22 11:50:31.250836";"INFO";"naas_logger";"91f3aa40-0ace-4c33-939b-ecbbd9438c12";"scheduler";"scheduler";"started";""
"2021-04-22 11:50:31.253984";"INFO";"naas_logger";"91f3aa40-0ace-4c33-939b-ecbbd9438c12";"scheduler";"scheduler";"healthy";""
"2021-04-22 11:51:31.231356";"INFO";"naas_logger";"74364bd9-a49c-4c45-9eb3-01ef0df96092";"scheduler";"scheduler";"started";""
"2021-04-22 11:51:31.234921";"INFO";"naas_logger";"74364bd9-a49c-4c45-9eb3-01ef0df96092";"scheduler";"scheduler";"healthy";""
"2021-04-22 11:52:31.248098";"INFO";"naas_logger";"46c21425-aa0f-49a1-9b8d-ae2f456e4ec3";"scheduler";"scheduler";"started";""
"2021-04-22 11:52:31.251393";"INFO";"naas_logger";"46c21425-aa0f-49a1-9b8d-ae2f456e4ec3";"scheduler";"scheduler";"healthy";""
"2021-04-22 11:53:31.207681";"INFO";"naas_logger";"544210e8-50ca-49b2-9071-de9bd519bdc2";"scheduler";"scheduler";"started";""
"2021-04-22 11:53:31.211222";"INFO";"naas_logger";"544210e8-50ca-49b2-9071-de9bd519bdc2";"scheduler";"scheduler";"healthy";""
"2021-04-22 11:54:31.251282";"INFO";"naas_logger";"751faeb7-0a3c-45bd-addc-e8d9400020ea";"scheduler";"scheduler";"started";""
"2021-04-22 11:54:31.255270";"INFO";"naas_logger";"751faeb7-0a3c-45bd-addc-e8d9400020ea";"scheduler";"scheduler";"healthy";""
"2021-04-22 11:55:31.226815";"INFO";"naas_logger";"7afeacad-b6bd-4d94-a964-709660ca2faf";"scheduler";"scheduler";"started";""
"2021-04-22 11:55:31.230330";"INFO";"naas_logger";"7afeacad-b6bd-4d94-a964-709660ca2faf";"scheduler";"scheduler";"healthy";""
"2021-04-22 11:56:31.245682";"INFO";"naas_logger";"f116e28d-88ee-4fc1-8ff9-ecb895627fff";"scheduler";"scheduler";"started";""
"2021-04-22 11:56:31.248713";"INFO";"naas_logger";"f116e28d-88ee-4fc1-8ff9-ecb895627fff";"scheduler";"scheduler";"healthy";""
"2021-04-22 11:57:31.226790";"INFO";"naas_logger";"ad581271-b880-47e1-a432-f41d6b16fca8";"scheduler";"scheduler";"started";""
"2021-04-22 11:57:31.229949";"INFO";"naas_logger";"ad581271-b880-47e1-a432-f41d6b16fca8";"scheduler";"scheduler";"healthy";""
"2021-04-22 11:58:31.244614";"INFO";"naas_logger";"58674680-f3be-438b-843b-1f25d0cbfe16";"scheduler";"scheduler";"started";""
"2021-04-22 11:58:31.247673";"INFO";"naas_logger";"58674680-f3be-438b-843b-1f25d0cbfe16";"scheduler";"scheduler";"healthy";""
"2021-04-22 11:59:31.226768";"INFO";"naas_logger";"d1ecbeb7-071d-4217-b7e8-f95b055c3430";"scheduler";"scheduler";"started";""
"2021-04-22 11:59:31.229509";"INFO";"naas_logger";"d1ecbeb7-071d-4217-b7e8-f95b055c3430";"scheduler";"scheduler";"healthy";""
"2021-04-22 12:00:31.250829";"INFO";"naas_logger";"593e7948-3228-4803-a2a7-1efbfa884c8c";"scheduler";"scheduler";"started";""
"2021-04-22 12:00:31.254560";"INFO";"naas_logger";"593e7948-3228-4803-a2a7-1efbfa884c8c";"scheduler";"scheduler";"healthy";""
"2021-04-22 12:01:31.232854";"INFO";"naas_logger";"16b72882-c653-4700-99a9-e07554aaaf5e";"scheduler";"scheduler";"started";""
"2021-04-22 12:01:31.235743";"INFO";"naas_logger";"16b72882-c653-4700-99a9-e07554aaaf5e";"scheduler";"scheduler";"healthy";""
"2021-04-22 12:02:31.195098";"INFO";"naas_logger";"8d753810-2b40-400e-9dc6-fa94d42420a4";"scheduler";"scheduler";"started";""
"2021-04-22 12:02:31.197996";"INFO";"naas_logger";"8d753810-2b40-400e-9dc6-fa94d42420a4";"scheduler";"scheduler";"healthy";""
"2021-04-22 12:03:31.250794";"INFO";"naas_logger";"076b567f-bc15-4f03-bb84-ddb5acafc414";"scheduler";"scheduler";"started";""
"2021-04-22 12:03:31.254442";"INFO";"naas_logger";"076b567f-bc15-4f03-bb84-ddb5acafc414";"scheduler";"scheduler";"healthy";""
"2021-04-22 12:04:31.252586";"INFO";"naas_logger";"f6bc0186-825b-45f4-ac1d-d5cdee250e79";"scheduler";"scheduler";"started";""
"2021-04-22 12:04:31.256219";"INFO";"naas_logger";"f6bc0186-825b-45f4-ac1d-d5cdee250e79";"scheduler";"scheduler";"healthy";""
"2021-04-22 12:05:31.226865";"INFO";"naas_logger";"8c63d23a-8b61-4c4a-bd15-ca4965e68cf6";"scheduler";"scheduler";"started";""
"2021-04-22 12:05:31.230226";"INFO";"naas_logger";"8c63d23a-8b61-4c4a-bd15-ca4965e68cf6";"scheduler";"scheduler";"healthy";""
"2021-04-22 12:06:31.250821";"INFO";"naas_logger";"5d63e051-198c-4407-aaea-7283ccbee5e3";"scheduler";"scheduler";"started";""
"2021-04-22 12:06:31.253650";"INFO";"naas_logger";"5d63e051-198c-4407-aaea-7283ccbee5e3";"scheduler";"scheduler";"healthy";""
"2021-04-22 12:07:31.230758";"INFO";"naas_logger";"30440f14-40a7-4322-878c-09bbe35cc111";"scheduler";"scheduler";"started";""
"2021-04-22 12:07:31.233827";"INFO";"naas_logger";"30440f14-40a7-4322-878c-09bbe35cc111";"scheduler";"scheduler";"healthy";""
"2021-04-22 12:08:31.249282";"INFO";"naas_logger";"97dcc816-3e7c-46ca-a100-02a09e68ef54";"scheduler";"scheduler";"started";""
"2021-04-22 12:08:31.252068";"INFO";"naas_logger";"97dcc816-3e7c-46ca-a100-02a09e68ef54";"scheduler";"scheduler";"healthy";""
"2021-04-22 12:09:31.226780";"INFO";"naas_logger";"9da10c10-dabf-40d8-a56a-27f836c5b89f";"scheduler";"scheduler";"started";""
"2021-04-22 12:09:31.229836";"INFO";"naas_logger";"9da10c10-dabf-40d8-a56a-27f836c5b89f";"scheduler";"scheduler";"healthy";""
"2021-04-22 12:10:31.245159";"INFO";"naas_logger";"51adbb96-3a97-448f-9edf-943251e9caf9";"scheduler";"scheduler";"started";""
"2021-04-22 12:10:31.248057";"INFO";"naas_logger";"51adbb96-3a97-448f-9edf-943251e9caf9";"scheduler";"scheduler";"healthy";""
"2021-04-22 12:11:31.230909";"INFO";"naas_logger";"fd7a2772-945c-40fc-ae03-6e9f9bc44a32";"scheduler";"scheduler";"started";""
"2021-04-22 12:11:31.234095";"INFO";"naas_logger";"fd7a2772-945c-40fc-ae03-6e9f9bc44a32";"scheduler";"scheduler";"healthy";""
"2021-04-22 12:12:31.200921";"INFO";"naas_logger";"16fcfb88-fb6c-4a14-bfab-9ae246212552";"scheduler";"scheduler";"started";""
"2021-04-22 12:12:31.204092";"INFO";"naas_logger";"16fcfb88-fb6c-4a14-bfab-9ae246212552";"scheduler";"scheduler";"healthy";""
"2021-04-22 12:13:31.234898";"INFO";"naas_logger";"888af474-babf-49dd-b17d-f7e441a6f2c0";"scheduler";"scheduler";"started";""
"2021-04-22 12:13:31.238688";"INFO";"naas_logger";"888af474-babf-49dd-b17d-f7e441a6f2c0";"scheduler";"scheduler";"healthy";""
"2021-04-22 12:14:31.246150";"INFO";"naas_logger";"75bf3ccb-7f1a-402b-8866-49258f15b3a7";"scheduler";"scheduler";"started";""
"2021-04-22 12:14:31.248861";"INFO";"naas_logger";"75bf3ccb-7f1a-402b-8866-49258f15b3a7";"scheduler";"scheduler";"healthy";""
"2021-04-22 12:15:31.230866";"INFO";"naas_logger";"57843e2f-3719-4c3c-b6c9-8af22f963095";"scheduler";"scheduler";"started";""
"2021-04-22 12:15:31.234481";"INFO";"naas_logger";"57843e2f-3719-4c3c-b6c9-8af22f963095";"scheduler";"scheduler";"healthy";""
"2021-04-22 12:16:31.235468";"INFO";"naas_logger";"84b007f5-89ed-4d95-a8bb-b6254f8cedae";"scheduler";"scheduler";"started";""
"2021-04-22 12:16:31.238634";"INFO";"naas_logger";"84b007f5-89ed-4d95-a8bb-b6254f8cedae";"scheduler";"scheduler";"healthy";""
"2021-04-22 12:17:31.222857";"INFO";"naas_logger";"66049f27-b819-4d53-890a-3c5423753cc5";"scheduler";"scheduler";"started";""
"2021-04-22 12:17:31.226023";"INFO";"naas_logger";"66049f27-b819-4d53-890a-3c5423753cc5";"scheduler";"scheduler";"healthy";""
"2021-04-22 12:18:31.244364";"INFO";"naas_logger";"a729237e-3a0b-4c93-ac54-119d358e6e72";"scheduler";"scheduler";"started";""
"2021-04-22 12:18:31.247504";"INFO";"naas_logger";"a729237e-3a0b-4c93-ac54-119d358e6e72";"scheduler";"scheduler";"healthy";""
"2021-04-22 12:19:31.215086";"INFO";"naas_logger";"e394f75e-2a0d-4458-96c6-f9aa6a351429";"scheduler";"scheduler";"started";""
"2021-04-22 12:19:31.217856";"INFO";"naas_logger";"e394f75e-2a0d-4458-96c6-f9aa6a351429";"scheduler";"scheduler";"healthy";""
"2021-04-22 12:20:31.245090";"INFO";"naas_logger";"edc05b62-a541-4c35-ad1f-3462a29c8b2c";"scheduler";"scheduler";"started";""
"2021-04-22 12:20:31.248372";"INFO";"naas_logger";"edc05b62-a541-4c35-ad1f-3462a29c8b2c";"scheduler";"scheduler";"healthy";""
"2021-04-22 12:21:31.208717";"INFO";"naas_logger";"7c64a2e5-8a90-48b0-ba2a-0f56aaa3a6d4";"scheduler";"scheduler";"started";""
"2021-04-22 12:21:31.211255";"INFO";"naas_logger";"7c64a2e5-8a90-48b0-ba2a-0f56aaa3a6d4";"scheduler";"scheduler";"healthy";""
"2021-04-22 12:22:31.193730";"INFO";"naas_logger";"9cc4811f-4535-4ae4-a6db-c3d1a212614e";"scheduler";"scheduler";"started";""
"2021-04-22 12:22:31.196723";"INFO";"naas_logger";"9cc4811f-4535-4ae4-a6db-c3d1a212614e";"scheduler";"scheduler";"healthy";""
"2021-04-22 12:23:31.252018";"INFO";"naas_logger";"e35b82c9-aea4-4844-81b8-3d9100e4dbf9";"scheduler";"scheduler";"started";""
"2021-04-22 12:23:31.255225";"INFO";"naas_logger";"e35b82c9-aea4-4844-81b8-3d9100e4dbf9";"scheduler";"scheduler";"healthy";""
"2021-04-22 12:24:31.235104";"INFO";"naas_logger";"f6ddfd82-4dcf-4fc6-9e32-38529601ff88";"scheduler";"scheduler";"started";""
"2021-04-22 12:24:31.238518";"INFO";"naas_logger";"f6ddfd82-4dcf-4fc6-9e32-38529601ff88";"scheduler";"scheduler";"healthy";""
"2021-04-22 12:25:31.204475";"INFO";"naas_logger";"e01e66ba-7f20-4a95-9109-4b3400abe387";"scheduler";"scheduler";"started";""
"2021-04-22 12:25:31.207762";"INFO";"naas_logger";"e01e66ba-7f20-4a95-9109-4b3400abe387";"scheduler";"scheduler";"healthy";""
"2021-04-22 12:26:31.250839";"INFO";"naas_logger";"0c1660ca-33fd-47dc-afe8-ab7c48365702";"scheduler";"scheduler";"started";""
"2021-04-22 12:26:31.254191";"INFO";"naas_logger";"0c1660ca-33fd-47dc-afe8-ab7c48365702";"scheduler";"scheduler";"healthy";""
"2021-04-22 12:27:31.231002";"INFO";"naas_logger";"26a4103f-f6cf-4088-93c4-af4096f15768";"scheduler";"scheduler";"started";""
"2021-04-22 12:27:31.234684";"INFO";"naas_logger";"26a4103f-f6cf-4088-93c4-af4096f15768";"scheduler";"scheduler";"healthy";""
"2021-04-22 12:28:31.251072";"INFO";"naas_logger";"ea7a862c-1c4a-46f5-a26c-f05d692bcc0d";"scheduler";"scheduler";"started";""
"2021-04-22 12:28:31.254714";"INFO";"naas_logger";"ea7a862c-1c4a-46f5-a26c-f05d692bcc0d";"scheduler";"scheduler";"healthy";""
"2021-04-22 12:29:31.226769";"INFO";"naas_logger";"7b425ea2-3e52-49f7-8fee-9129a69d7377";"scheduler";"scheduler";"started";""
"2021-04-22 12:29:31.230105";"INFO";"naas_logger";"7b425ea2-3e52-49f7-8fee-9129a69d7377";"scheduler";"scheduler";"healthy";""
"2021-04-22 12:30:31.250912";"INFO";"naas_logger";"93b1561a-b7df-44ca-a68c-13dcc4c46554";"scheduler";"scheduler";"started";""
"2021-04-22 12:30:31.254089";"INFO";"naas_logger";"93b1561a-b7df-44ca-a68c-13dcc4c46554";"scheduler";"scheduler";"healthy";""
"2021-04-22 12:31:31.234848";"INFO";"naas_logger";"13d87e70-7d31-4ff9-9037-2fc9db202b00";"scheduler";"scheduler";"started";""
"2021-04-22 12:31:31.237851";"INFO";"naas_logger";"13d87e70-7d31-4ff9-9037-2fc9db202b00";"scheduler";"scheduler";"healthy";""
"2021-04-22 12:32:31.234969";"INFO";"naas_logger";"8b86adfc-08b6-4a7f-9f73-8bb9fa7f1136";"scheduler";"scheduler";"started";""
"2021-04-22 12:32:31.237869";"INFO";"naas_logger";"8b86adfc-08b6-4a7f-9f73-8bb9fa7f1136";"scheduler";"scheduler";"healthy";""
"2021-04-22 12:33:51.667785";"INFO";"naas_logger";"1d4ed56b-da82-4ace-9534-13f284014540";"main";"runner";"init API";""
"2021-04-22 12:33:51.668759";"INFO";"naas_logger";"452b8e02-fa11-4b44-835e-807545d2293d";"main";"runner";"start API";""
"2021-04-22 12:33:53.373835";"INFO";"naas_logger";"0e20827b-d808-428f-8d0a-87b9fee84c90";"main";"runner";"init API";""
"2021-04-22 12:33:53.374231";"INFO";"naas_logger";"8c0a18f6-441e-447b-9882-d8e17ee59534";"main";"runner";"start API";""
"2021-04-22 12:33:53.696766";"INFO";"naas_logger";"a379e6cb-5063-41c4-ac90-dd90b8fcd5d4";"main";"sheduler";"start SCHEDULER seconds=60, max_instances=60";""
"2021-04-22 12:34:53.757891";"INFO";"naas_logger";"d6b7eea3-50f3-4de1-920c-cc841ed4f279";"scheduler";"scheduler";"started";""
"2021-04-22 12:34:53.762244";"INFO";"naas_logger";"d6b7eea3-50f3-4de1-920c-cc841ed4f279";"scheduler";"scheduler";"healthy";""
"2021-04-22 13:48:00.201884";"INFO";"naas_logger";"dde1bc51-515e-49c2-9b83-d61c0e0060ff";"main";"runner";"init API";""
"2021-04-22 13:48:00.202272";"INFO";"naas_logger";"f2cd6c1a-7d9f-487d-8f6e-3f2b83c44906";"main";"runner";"start API";""
"2021-04-22 13:48:01.884777";"INFO";"naas_logger";"26f1bde2-3c73-42f9-aa4c-da1c933f8dde";"main";"runner";"init API";""
"2021-04-22 13:48:01.885078";"INFO";"naas_logger";"9cd19952-e451-4309-962f-7da691c2cff8";"main";"runner";"start API";""
"2021-04-22 13:48:02.015503";"INFO";"naas_logger";"1a6fecdd-fc39-4542-9129-ce84ec509107";"main";"sheduler";"start SCHEDULER seconds=60, max_instances=60";""
"2021-04-22 13:49:02.018258";"INFO";"naas_logger";"d8c94e76-c14a-4224-b47a-ed8327c1e0d5";"scheduler";"scheduler";"started";""
"2021-04-22 13:49:02.021208";"INFO";"naas_logger";"d8c94e76-c14a-4224-b47a-ed8327c1e0d5";"scheduler";"scheduler";"healthy";""
"2021-04-22 13:50:02.071966";"INFO";"naas_logger";"62784acf-23cf-46ed-8eb2-1f2e2aea0c7c";"scheduler";"scheduler";"started";""
"2021-04-22 13:50:02.075325";"INFO";"naas_logger";"62784acf-23cf-46ed-8eb2-1f2e2aea0c7c";"scheduler";"scheduler";"healthy";""
"2021-04-22 13:51:02.024844";"INFO";"naas_logger";"38874044-9227-4710-96d4-275f2d4a88a6";"scheduler";"scheduler";"started";""
"2021-04-22 13:51:02.028131";"INFO";"naas_logger";"38874044-9227-4710-96d4-275f2d4a88a6";"scheduler";"scheduler";"healthy";""
"2021-04-22 13:52:02.075158";"INFO";"naas_logger";"e4609836-b693-48ce-9280-371a86edeced";"scheduler";"scheduler";"started";""
"2021-04-22 13:52:02.078635";"INFO";"naas_logger";"e4609836-b693-48ce-9280-371a86edeced";"scheduler";"scheduler";"healthy";""
"2021-04-22 13:53:02.034223";"INFO";"naas_logger";"d741419e-0808-44d9-afc2-04edf287109c";"scheduler";"scheduler";"started";""
"2021-04-22 13:53:02.042492";"INFO";"naas_logger";"d741419e-0808-44d9-afc2-04edf287109c";"scheduler";"scheduler";"healthy";""
"2021-04-22 13:54:02.073799";"INFO";"naas_logger";"0c181fd3-e029-4dd8-882c-ff97efb73cb0";"scheduler";"scheduler";"started";""
"2021-04-22 13:54:02.077379";"INFO";"naas_logger";"0c181fd3-e029-4dd8-882c-ff97efb73cb0";"scheduler";"scheduler";"healthy";""
"2021-04-22 13:55:02.018250";"INFO";"naas_logger";"c1774d30-1442-488d-b73c-b0d57eabd99a";"scheduler";"scheduler";"started";""
"2021-04-22 13:55:02.021415";"INFO";"naas_logger";"c1774d30-1442-488d-b73c-b0d57eabd99a";"scheduler";"scheduler";"healthy";""
"2021-04-22 13:56:02.074180";"INFO";"naas_logger";"ca365494-2f31-4844-84ba-d6c302b23ca2";"scheduler";"scheduler";"started";""
"2021-04-22 13:56:02.077465";"INFO";"naas_logger";"ca365494-2f31-4844-84ba-d6c302b23ca2";"scheduler";"scheduler";"healthy";""
"2021-04-22 13:57:02.022029";"INFO";"naas_logger";"d074880f-1d36-449c-a3a5-2b9eb2f227d6";"scheduler";"scheduler";"started";""
"2021-04-22 13:57:02.025284";"INFO";"naas_logger";"d074880f-1d36-449c-a3a5-2b9eb2f227d6";"scheduler";"scheduler";"healthy";""
"2021-04-22 13:58:02.073817";"INFO";"naas_logger";"235a7a3d-87ba-4c3e-87bc-0b04a6822f30";"scheduler";"scheduler";"started";""
"2021-04-22 13:58:02.077369";"INFO";"naas_logger";"235a7a3d-87ba-4c3e-87bc-0b04a6822f30";"scheduler";"scheduler";"healthy";""
"2021-04-22 13:59:02.021836";"INFO";"naas_logger";"bfe0a24d-5dbf-4fdb-b434-555e3b7c1a36";"scheduler";"scheduler";"started";""
"2021-04-22 13:59:02.024810";"INFO";"naas_logger";"bfe0a24d-5dbf-4fdb-b434-555e3b7c1a36";"scheduler";"scheduler";"healthy";""
"2021-04-22 14:00:02.073776";"INFO";"naas_logger";"b670b9d9-8c9e-4fb2-b3fe-9f5f815b9959";"scheduler";"scheduler";"started";""
"2021-04-22 14:00:02.081398";"INFO";"naas_logger";"b670b9d9-8c9e-4fb2-b3fe-9f5f815b9959";"scheduler";"scheduler";"healthy";""
"2021-04-22 14:01:02.068501";"INFO";"naas_logger";"73a613d9-6361-47bb-a6a4-b006be437a41";"scheduler";"scheduler";"started";""
"2021-04-22 14:01:02.071659";"INFO";"naas_logger";"73a613d9-6361-47bb-a6a4-b006be437a41";"scheduler";"scheduler";"healthy";""
"2021-04-22 14:02:02.069833";"INFO";"naas_logger";"5f1ded47-60d3-42d7-b308-46c698b91230";"scheduler";"scheduler";"started";""
"2021-04-22 14:02:02.073846";"INFO";"naas_logger";"5f1ded47-60d3-42d7-b308-46c698b91230";"scheduler";"scheduler";"healthy";""
"2021-04-22 14:03:02.019539";"INFO";"naas_logger";"b3a46f21-6e83-42b8-a71d-6e56d32ccfd8";"scheduler";"scheduler";"started";""
"2021-04-22 14:03:02.023395";"INFO";"naas_logger";"b3a46f21-6e83-42b8-a71d-6e56d32ccfd8";"scheduler";"scheduler";"healthy";""
"2021-04-22 14:04:02.073785";"INFO";"naas_logger";"27ae1c2d-8cdc-449a-a094-ba2466a59cc4";"scheduler";"scheduler";"started";""
"2021-04-22 14:04:02.077257";"INFO";"naas_logger";"27ae1c2d-8cdc-449a-a094-ba2466a59cc4";"scheduler";"scheduler";"healthy";""
"2021-04-22 14:05:02.023327";"INFO";"naas_logger";"6e4da95f-1953-445c-8f2e-5d9bf9c05d45";"scheduler";"scheduler";"started";""
"2021-04-22 14:05:02.026481";"INFO";"naas_logger";"6e4da95f-1953-445c-8f2e-5d9bf9c05d45";"scheduler";"scheduler";"healthy";""
"2021-04-22 14:06:02.073874";"INFO";"naas_logger";"1cf4e476-e3ed-4998-810f-a3699c61e7cd";"scheduler";"scheduler";"started";""
"2021-04-22 14:06:02.077152";"INFO";"naas_logger";"1cf4e476-e3ed-4998-810f-a3699c61e7cd";"scheduler";"scheduler";"healthy";""
"2021-04-22 14:07:02.069459";"INFO";"naas_logger";"86b5a56b-ce0d-4675-b9e0-c4dc6cd828c6";"scheduler";"scheduler";"started";""
"2021-04-22 14:07:02.072845";"INFO";"naas_logger";"86b5a56b-ce0d-4675-b9e0-c4dc6cd828c6";"scheduler";"scheduler";"healthy";""
"2021-04-22 14:07:43.810240";"INFO";"naas_logger";"f024bb47-0170-4e6a-8ba4-4fae5a603f7d";"main";"runner";"init API";""
"2021-04-22 14:07:43.810548";"INFO";"naas_logger";"35d1cd85-b5e1-47dc-8b08-39aae71bcafd";"main";"runner";"start API";""
"2021-04-22 14:07:45.603525";"INFO";"naas_logger";"8d5cb5e8-7b9e-499b-a0d1-f4e6700e5ddd";"main";"runner";"init API";""
"2021-04-22 14:07:45.603831";"INFO";"naas_logger";"f1308350-ea5c-41ca-a982-b1bf49448a99";"main";"runner";"start API";""
"2021-04-22 14:07:45.768780";"INFO";"naas_logger";"155f9b29-5697-4ab6-938e-4613612be487";"main";"sheduler";"start SCHEDULER seconds=60, max_instances=60";""
"2021-04-22 14:08:45.825946";"INFO";"naas_logger";"95f56df8-d861-42c1-97f2-b0d8cb022f33";"scheduler";"scheduler";"started";""
"2021-04-22 14:08:45.830982";"INFO";"naas_logger";"95f56df8-d861-42c1-97f2-b0d8cb022f33";"scheduler";"scheduler";"healthy";""
"2021-04-22 14:09:45.820343";"INFO";"naas_logger";"42261063-8a17-46db-a4aa-84fa4159dd68";"scheduler";"scheduler";"started";""
"2021-04-22 14:09:45.824258";"INFO";"naas_logger";"42261063-8a17-46db-a4aa-84fa4159dd68";"scheduler";"scheduler";"healthy";""
"2021-04-22 14:10:45.829782";"INFO";"naas_logger";"d3218324-63b2-4285-abec-c1203a01104e";"scheduler";"scheduler";"started";""
"2021-04-22 14:10:45.833103";"INFO";"naas_logger";"d3218324-63b2-4285-abec-c1203a01104e";"scheduler";"scheduler";"healthy";""
"2021-04-22 14:11:45.819659";"INFO";"naas_logger";"223e519a-d74f-4409-8a05-db65262d9475";"scheduler";"scheduler";"started";""
"2021-04-22 14:11:45.823633";"INFO";"naas_logger";"223e519a-d74f-4409-8a05-db65262d9475";"scheduler";"scheduler";"healthy";""
"2021-04-22 14:12:45.779464";"INFO";"naas_logger";"f2d62571-068b-4eed-8cd5-14b04a4900cc";"scheduler";"scheduler";"started";""
"2021-04-22 14:12:45.782384";"INFO";"naas_logger";"f2d62571-068b-4eed-8cd5-14b04a4900cc";"scheduler";"scheduler";"healthy";""
"2021-04-22 14:13:45.818586";"INFO";"naas_logger";"e8d50fc9-7a42-406d-9ab6-4511348c0ee2";"scheduler";"scheduler";"started";""
"2021-04-22 14:13:45.822565";"INFO";"naas_logger";"e8d50fc9-7a42-406d-9ab6-4511348c0ee2";"scheduler";"scheduler";"healthy";""
"2021-04-22 14:14:45.829295";"INFO";"naas_logger";"24618506-6410-4fff-9137-81b2ce900fad";"scheduler";"scheduler";"started";""
"2021-04-22 14:14:45.830562";"INFO";"naas_logger";"24618506-6410-4fff-9137-81b2ce900fad";"scheduler";"scheduler";"healthy";""
"2021-04-22 14:15:45.789576";"INFO";"naas_logger";"b09fd4f9-4b30-40be-b918-e521110b917a";"scheduler";"scheduler";"started";""
"2021-04-22 14:15:45.792904";"INFO";"naas_logger";"b09fd4f9-4b30-40be-b918-e521110b917a";"scheduler";"scheduler";"healthy";""
"2021-04-22 14:16:45.828486";"INFO";"naas_logger";"1469defb-44cf-4001-8636-b5ee57a17dff";"scheduler";"scheduler";"started";""
"2021-04-22 14:16:45.831954";"INFO";"naas_logger";"1469defb-44cf-4001-8636-b5ee57a17dff";"scheduler";"scheduler";"healthy";""
"2021-04-22 14:17:45.816014";"INFO";"naas_logger";"2da873f4-3005-4f86-9fef-0d8d9a48049a";"scheduler";"scheduler";"started";""
"2021-04-22 14:17:45.819680";"INFO";"naas_logger";"2da873f4-3005-4f86-9fef-0d8d9a48049a";"scheduler";"scheduler";"healthy";""
"2021-04-22 14:18:45.825749";"INFO";"naas_logger";"a84f2ebf-2338-414f-9708-cfb9af1797f2";"scheduler";"scheduler";"started";""
"2021-04-22 14:18:45.829427";"INFO";"naas_logger";"a84f2ebf-2338-414f-9708-cfb9af1797f2";"scheduler";"scheduler";"healthy";""
"2021-04-22 14:19:45.819484";"INFO";"naas_logger";"83daff64-e5d3-4c76-869e-6dd7d21e48a6";"scheduler";"scheduler";"started";""
"2021-04-22 14:19:45.822964";"INFO";"naas_logger";"83daff64-e5d3-4c76-869e-6dd7d21e48a6";"scheduler";"scheduler";"healthy";""
"2021-04-22 14:20:45.827925";"INFO";"naas_logger";"ad4727a5-e97d-4f8f-b059-3a7316b207f6";"scheduler";"scheduler";"started";""
"2021-04-22 14:20:45.831807";"INFO";"naas_logger";"ad4727a5-e97d-4f8f-b059-3a7316b207f6";"scheduler";"scheduler";"healthy";""
"2021-04-22 14:21:45.821842";"INFO";"naas_logger";"2a8e5c6e-e9cd-4783-8713-8fc8ff61e89c";"scheduler";"scheduler";"started";""
"2021-04-22 14:21:45.825096";"INFO";"naas_logger";"2a8e5c6e-e9cd-4783-8713-8fc8ff61e89c";"scheduler";"scheduler";"healthy";""
"2021-04-22 14:22:45.790964";"INFO";"naas_logger";"efbd4df9-dbe1-46c7-ad04-d6db7387ea46";"scheduler";"scheduler";"started";""
"2021-04-22 14:22:45.794484";"INFO";"naas_logger";"efbd4df9-dbe1-46c7-ad04-d6db7387ea46";"scheduler";"scheduler";"healthy";""
"2021-04-22 14:23:45.821382";"INFO";"naas_logger";"d6d9f141-93a8-495e-b578-a10f53c3f5ea";"scheduler";"scheduler";"started";""
"2021-04-22 14:23:45.824799";"INFO";"naas_logger";"d6d9f141-93a8-495e-b578-a10f53c3f5ea";"scheduler";"scheduler";"healthy";""
"2021-04-22 14:24:45.829566";"INFO";"naas_logger";"868a8764-2f0e-44dc-a838-7bdbc15250ad";"scheduler";"scheduler";"started";""
"2021-04-22 14:24:45.833011";"INFO";"naas_logger";"868a8764-2f0e-44dc-a838-7bdbc15250ad";"scheduler";"scheduler";"healthy";""
"2021-04-22 14:25:45.821773";"INFO";"naas_logger";"01ebef01-5833-42cf-9fe3-41e8023e5151";"scheduler";"scheduler";"started";""
"2021-04-22 14:25:45.825677";"INFO";"naas_logger";"01ebef01-5833-42cf-9fe3-41e8023e5151";"scheduler";"scheduler";"healthy";""
"2021-04-22 14:26:45.829765";"INFO";"naas_logger";"2046569d-edfa-41a5-af98-4fa58a3dfe0d";"scheduler";"scheduler";"started";""
"2021-04-22 14:26:45.833665";"INFO";"naas_logger";"2046569d-edfa-41a5-af98-4fa58a3dfe0d";"scheduler";"scheduler";"healthy";""
"2021-04-22 14:27:45.822052";"INFO";"naas_logger";"1cae5f14-3e3b-4276-966a-82220b3b0aee";"scheduler";"scheduler";"started";""
"2021-04-22 14:27:45.825960";"INFO";"naas_logger";"1cae5f14-3e3b-4276-966a-82220b3b0aee";"scheduler";"scheduler";"healthy";""
"2021-04-22 14:28:45.826346";"INFO";"naas_logger";"ba01ee6e-3fd5-46a3-8821-9f7eff182825";"scheduler";"scheduler";"started";""
"2021-04-22 14:28:45.829373";"INFO";"naas_logger";"ba01ee6e-3fd5-46a3-8821-9f7eff182825";"scheduler";"scheduler";"healthy";""
"2021-04-22 14:29:45.819545";"INFO";"naas_logger";"3abc07b1-22cd-43a8-8f03-25fdce0d8dee";"scheduler";"scheduler";"started";""
"2021-04-22 14:29:45.823423";"INFO";"naas_logger";"3abc07b1-22cd-43a8-8f03-25fdce0d8dee";"scheduler";"scheduler";"healthy";""
"2021-04-22 14:30:45.825759";"INFO";"naas_logger";"6b3bf0be-41b7-42b0-99e1-590385fd3d66";"scheduler";"scheduler";"started";""
"2021-04-22 14:30:45.829288";"INFO";"naas_logger";"6b3bf0be-41b7-42b0-99e1-590385fd3d66";"scheduler";"scheduler";"healthy";""
"2021-04-22 14:31:45.822978";"INFO";"naas_logger";"af337c40-cd4d-4164-9bf0-7687fff13cec";"scheduler";"scheduler";"started";""
"2021-04-22 14:31:45.839700";"INFO";"naas_logger";"af337c40-cd4d-4164-9bf0-7687fff13cec";"scheduler";"scheduler";"healthy";""
"2021-04-22 14:32:45.789855";"INFO";"naas_logger";"e374b924-8640-40c0-a5ab-29716753dc68";"scheduler";"scheduler";"started";""
"2021-04-22 14:32:45.793266";"INFO";"naas_logger";"e374b924-8640-40c0-a5ab-29716753dc68";"scheduler";"scheduler";"healthy";""
"2021-04-22 14:33:45.826014";"INFO";"naas_logger";"99c4cf4f-e01c-4c13-bb7a-85248748b276";"scheduler";"scheduler";"started";""
"2021-04-22 14:33:45.829090";"INFO";"naas_logger";"99c4cf4f-e01c-4c13-bb7a-85248748b276";"scheduler";"scheduler";"healthy";""
"2021-04-22 14:34:45.825728";"INFO";"naas_logger";"cf6f7714-97d5-454e-a896-b79c1e71358b";"scheduler";"scheduler";"started";""
"2021-04-22 14:34:45.828700";"INFO";"naas_logger";"cf6f7714-97d5-454e-a896-b79c1e71358b";"scheduler";"scheduler";"healthy";""
"2021-04-22 14:35:45.818000";"INFO";"naas_logger";"b14dd595-814b-47cc-89ca-3215396a3a9c";"scheduler";"scheduler";"started";""
"2021-04-22 14:35:45.821487";"INFO";"naas_logger";"b14dd595-814b-47cc-89ca-3215396a3a9c";"scheduler";"scheduler";"healthy";""
"2021-04-22 14:36:45.827750";"INFO";"naas_logger";"d573bc1c-e64a-449d-8eec-f992006964c7";"scheduler";"scheduler";"started";""
"2021-04-22 14:36:45.831193";"INFO";"naas_logger";"d573bc1c-e64a-449d-8eec-f992006964c7";"scheduler";"scheduler";"healthy";""
"2021-04-22 14:37:45.817754";"INFO";"naas_logger";"63c02e0e-69aa-45d0-a932-55466033d918";"scheduler";"scheduler";"started";""
"2021-04-22 14:37:45.821359";"INFO";"naas_logger";"63c02e0e-69aa-45d0-a932-55466033d918";"scheduler";"scheduler";"healthy";""
"2021-04-22 14:38:45.825773";"INFO";"naas_logger";"2aac7145-01a4-4604-83f1-daca1786195b";"scheduler";"scheduler";"started";""
"2021-04-22 14:38:45.829401";"INFO";"naas_logger";"2aac7145-01a4-4604-83f1-daca1786195b";"scheduler";"scheduler";"healthy";""
"2021-04-22 14:39:45.817817";"INFO";"naas_logger";"82e68113-1e75-47f9-8d3a-7df6f0701945";"scheduler";"scheduler";"started";""
"2021-04-22 14:39:45.820662";"INFO";"naas_logger";"82e68113-1e75-47f9-8d3a-7df6f0701945";"scheduler";"scheduler";"healthy";""
"2021-04-22 14:40:45.819902";"INFO";"naas_logger";"46ca1880-1eed-44ce-b585-b6b14602617d";"scheduler";"scheduler";"started";""
"2021-04-22 14:40:45.824069";"INFO";"naas_logger";"46ca1880-1eed-44ce-b585-b6b14602617d";"scheduler";"scheduler";"healthy";""
"2021-04-22 14:41:45.809643";"INFO";"naas_logger";"f1ebf93f-0e10-4d1f-a227-a0f119c616f9";"scheduler";"scheduler";"started";""
"2021-04-22 14:41:45.816186";"INFO";"naas_logger";"f1ebf93f-0e10-4d1f-a227-a0f119c616f9";"scheduler";"scheduler";"healthy";""
"2021-04-22 14:42:45.785758";"INFO";"naas_logger";"4176821d-2859-451d-9f18-f872302429b2";"scheduler";"scheduler";"started";""
"2021-04-22 14:42:45.789063";"INFO";"naas_logger";"4176821d-2859-451d-9f18-f872302429b2";"scheduler";"scheduler";"healthy";""
"2021-04-22 14:43:45.826074";"INFO";"naas_logger";"fbc095b5-3fbe-4deb-ac3f-335af62689d8";"scheduler";"scheduler";"started";""
"2021-04-22 14:43:45.828898";"INFO";"naas_logger";"fbc095b5-3fbe-4deb-ac3f-335af62689d8";"scheduler";"scheduler";"healthy";""
"2021-04-22 14:44:45.825834";"INFO";"naas_logger";"505261e9-54f9-4e65-a327-88f847688a55";"scheduler";"scheduler";"started";""
"2021-04-22 14:44:45.829324";"INFO";"naas_logger";"505261e9-54f9-4e65-a327-88f847688a55";"scheduler";"scheduler";"healthy";""
"2021-04-22 14:45:45.809848";"INFO";"naas_logger";"823f40ab-cdc4-44a7-9040-5b329ffada29";"scheduler";"scheduler";"started";""
"2021-04-22 14:45:45.814482";"INFO";"naas_logger";"823f40ab-cdc4-44a7-9040-5b329ffada29";"scheduler";"scheduler";"healthy";""
"2021-04-22 14:46:45.826368";"INFO";"naas_logger";"c316b2e7-3b1c-479f-9963-9e935aa22419";"scheduler";"scheduler";"started";""
"2021-04-22 14:46:45.830066";"INFO";"naas_logger";"c316b2e7-3b1c-479f-9963-9e935aa22419";"scheduler";"scheduler";"healthy";""
"2021-04-22 14:47:45.818301";"INFO";"naas_logger";"662a4310-dba9-434a-8f15-40c0710472b9";"scheduler";"scheduler";"started";""
"2021-04-22 14:47:45.854716";"INFO";"naas_logger";"662a4310-dba9-434a-8f15-40c0710472b9";"scheduler";"scheduler";"healthy";""
"2021-04-22 14:48:45.829114";"INFO";"naas_logger";"6e969b35-259a-414e-b611-532cb54fbd5d";"scheduler";"scheduler";"started";""
"2021-04-22 14:48:45.848246";"INFO";"naas_logger";"6e969b35-259a-414e-b611-532cb54fbd5d";"scheduler";"scheduler";"healthy";""
"2021-04-22 14:49:45.811618";"INFO";"naas_logger";"840a7490-f646-42e4-ade4-04ac1d0682aa";"scheduler";"scheduler";"started";""
"2021-04-22 14:49:45.815124";"INFO";"naas_logger";"840a7490-f646-42e4-ade4-04ac1d0682aa";"scheduler";"scheduler";"healthy";""
"2021-04-22 14:50:45.825856";"INFO";"naas_logger";"cb0bda95-47d5-418b-b610-fff9e4d56310";"scheduler";"scheduler";"started";""
"2021-04-22 14:50:45.832994";"INFO";"naas_logger";"cb0bda95-47d5-418b-b610-fff9e4d56310";"scheduler";"scheduler";"healthy";""
"2021-04-22 14:51:45.828971";"INFO";"naas_logger";"d72601e8-01ef-4d42-b22d-09a09c34d4c3";"scheduler";"scheduler";"started";""
"2021-04-22 14:51:45.832497";"INFO";"naas_logger";"d72601e8-01ef-4d42-b22d-09a09c34d4c3";"scheduler";"scheduler";"healthy";""
"2021-04-22 14:52:45.778511";"INFO";"naas_logger";"3e72d568-e81c-4d6d-9889-9a27b0630aeb";"scheduler";"scheduler";"started";""
"2021-04-22 14:52:45.782648";"INFO";"naas_logger";"3e72d568-e81c-4d6d-9889-9a27b0630aeb";"scheduler";"scheduler";"healthy";""
"2021-04-22 14:53:45.824727";"INFO";"naas_logger";"6307aaea-8887-4e14-a70a-98c6b5660797";"scheduler";"scheduler";"started";""
"2021-04-22 14:53:45.827845";"INFO";"naas_logger";"6307aaea-8887-4e14-a70a-98c6b5660797";"scheduler";"scheduler";"healthy";""
"2021-04-22 14:54:45.825874";"INFO";"naas_logger";"00ed152f-e452-4e35-a3dd-dba784b912f8";"scheduler";"scheduler";"started";""
"2021-04-22 14:54:45.829628";"INFO";"naas_logger";"00ed152f-e452-4e35-a3dd-dba784b912f8";"scheduler";"scheduler";"healthy";""
"2021-04-22 14:55:45.818258";"INFO";"naas_logger";"263a8e18-9917-4c3b-85de-c686c19d870e";"scheduler";"scheduler";"started";""
"2021-04-22 14:55:45.821683";"INFO";"naas_logger";"263a8e18-9917-4c3b-85de-c686c19d870e";"scheduler";"scheduler";"healthy";""
"2021-04-22 14:56:45.825800";"INFO";"naas_logger";"0b5a4550-9ed4-4fbb-9aec-9c817eeede34";"scheduler";"scheduler";"started";""
"2021-04-22 14:56:45.828861";"INFO";"naas_logger";"0b5a4550-9ed4-4fbb-9aec-9c817eeede34";"scheduler";"scheduler";"healthy";""
"2021-04-22 14:57:45.818056";"INFO";"naas_logger";"47cd7685-aa49-4151-8c2c-bf0d443d3bdd";"scheduler";"scheduler";"started";""
"2021-04-22 14:57:45.821804";"INFO";"naas_logger";"47cd7685-aa49-4151-8c2c-bf0d443d3bdd";"scheduler";"scheduler";"healthy";""
"2021-04-22 14:58:45.824824";"INFO";"naas_logger";"24336308-b98e-48dc-b787-9e21a6e7a93f";"scheduler";"scheduler";"started";""
"2021-04-22 14:58:45.827856";"INFO";"naas_logger";"24336308-b98e-48dc-b787-9e21a6e7a93f";"scheduler";"scheduler";"healthy";""
"2021-04-22 14:59:45.819491";"INFO";"naas_logger";"de2fa434-775f-4d4d-a4c3-d785a2c0132d";"scheduler";"scheduler";"started";""
"2021-04-22 14:59:45.823219";"INFO";"naas_logger";"de2fa434-775f-4d4d-a4c3-d785a2c0132d";"scheduler";"scheduler";"healthy";""
"2021-04-22 15:00:45.822214";"INFO";"naas_logger";"f34e441a-937b-43a4-a2fe-ee06a085cf36";"scheduler";"scheduler";"started";""
"2021-04-22 15:00:45.825654";"INFO";"naas_logger";"f34e441a-937b-43a4-a2fe-ee06a085cf36";"scheduler";"scheduler";"healthy";""
"2021-04-22 15:01:45.821755";"INFO";"naas_logger";"88e43d87-a837-49a3-ba1f-53efaae52cb9";"scheduler";"scheduler";"started";""
"2021-04-22 15:01:45.825399";"INFO";"naas_logger";"88e43d87-a837-49a3-ba1f-53efaae52cb9";"scheduler";"scheduler";"healthy";""
"2021-04-22 15:02:45.777042";"INFO";"naas_logger";"fadf3af9-65b5-4e68-bcd3-451724c00cc5";"scheduler";"scheduler";"started";""
"2021-04-22 15:02:45.785342";"INFO";"naas_logger";"fadf3af9-65b5-4e68-bcd3-451724c00cc5";"scheduler";"scheduler";"healthy";""
"2021-04-22 15:03:45.828018";"INFO";"naas_logger";"136df2c7-585a-41ab-8b3c-e72c19ed2bbf";"scheduler";"scheduler";"started";""
"2021-04-22 15:03:45.832216";"INFO";"naas_logger";"136df2c7-585a-41ab-8b3c-e72c19ed2bbf";"scheduler";"scheduler";"healthy";""
"2021-04-22 15:04:45.825824";"INFO";"naas_logger";"7ca2f400-5e91-4c3f-a27a-eab89fe17259";"scheduler";"scheduler";"started";""
"2021-04-22 15:04:45.828960";"INFO";"naas_logger";"7ca2f400-5e91-4c3f-a27a-eab89fe17259";"scheduler";"scheduler";"healthy";""
"2021-04-22 15:05:45.818199";"INFO";"naas_logger";"065ea025-8493-49ae-86ea-2e9ee7a75bcf";"scheduler";"scheduler";"started";""
"2021-04-22 15:05:45.821946";"INFO";"naas_logger";"065ea025-8493-49ae-86ea-2e9ee7a75bcf";"scheduler";"scheduler";"healthy";""
"2021-04-22 15:06:45.825803";"INFO";"naas_logger";"c220165c-05e0-4851-81c4-b239708a9f38";"scheduler";"scheduler";"started";""
"2021-04-22 15:06:45.829548";"INFO";"naas_logger";"c220165c-05e0-4851-81c4-b239708a9f38";"scheduler";"scheduler";"healthy";""
"2021-04-22 15:07:45.819500";"INFO";"naas_logger";"0fb7c31c-3b3e-42df-96e2-b9a94efd1fdf";"scheduler";"scheduler";"started";""
"2021-04-22 15:07:45.822263";"INFO";"naas_logger";"0fb7c31c-3b3e-42df-96e2-b9a94efd1fdf";"scheduler";"scheduler";"healthy";""
"2021-04-22 15:08:45.825801";"INFO";"naas_logger";"b655d52e-e203-4790-937b-6d621a8148b0";"scheduler";"scheduler";"started";""
"2021-04-22 15:08:45.829095";"INFO";"naas_logger";"b655d52e-e203-4790-937b-6d621a8148b0";"scheduler";"scheduler";"healthy";""
"2021-04-22 15:09:45.822101";"INFO";"naas_logger";"bd8509cc-baa0-437d-8366-ce17134352aa";"scheduler";"scheduler";"started";""
"2021-04-22 15:09:45.825947";"INFO";"naas_logger";"bd8509cc-baa0-437d-8366-ce17134352aa";"scheduler";"scheduler";"healthy";""
"2021-04-22 15:10:45.827542";"INFO";"naas_logger";"12f9e355-ebed-4077-b41f-a5bc92c4b61b";"scheduler";"scheduler";"started";""
"2021-04-22 15:10:45.831276";"INFO";"naas_logger";"12f9e355-ebed-4077-b41f-a5bc92c4b61b";"scheduler";"scheduler";"healthy";""
"2021-04-22 15:11:45.805232";"INFO";"naas_logger";"c9450eec-85bd-4536-a44b-f57c10bbb8fd";"scheduler";"scheduler";"started";""
"2021-04-22 15:11:45.808606";"INFO";"naas_logger";"c9450eec-85bd-4536-a44b-f57c10bbb8fd";"scheduler";"scheduler";"healthy";""
"2021-04-22 15:12:45.825754";"INFO";"naas_logger";"45cb3699-7c4c-425c-97ff-5179bc48168a";"scheduler";"scheduler";"started";""
"2021-04-22 15:12:45.828928";"INFO";"naas_logger";"45cb3699-7c4c-425c-97ff-5179bc48168a";"scheduler";"scheduler";"healthy";""
"2021-04-22 15:13:45.813861";"INFO";"naas_logger";"6fea2d98-5415-498a-b177-1d7377de5a3e";"scheduler";"scheduler";"started";""
"2021-04-22 15:13:45.818246";"INFO";"naas_logger";"6fea2d98-5415-498a-b177-1d7377de5a3e";"scheduler";"scheduler";"healthy";""
"2021-04-22 15:14:45.830026";"INFO";"naas_logger";"e3fecdb7-a674-4ca6-b0c4-8f0cb208f76c";"scheduler";"scheduler";"started";""
"2021-04-22 15:14:45.834513";"INFO";"naas_logger";"e3fecdb7-a674-4ca6-b0c4-8f0cb208f76c";"scheduler";"scheduler";"healthy";""
"2021-04-22 15:15:45.818013";"INFO";"naas_logger";"4b3968db-de7c-41b5-b211-18557046c58a";"scheduler";"scheduler";"started";""
"2021-04-22 15:15:45.821839";"INFO";"naas_logger";"4b3968db-de7c-41b5-b211-18557046c58a";"scheduler";"scheduler";"healthy";""
"2021-04-22 15:16:45.825819";"INFO";"naas_logger";"e69685b1-3da4-403e-857a-5498b19dec24";"scheduler";"scheduler";"started";""
"2021-04-22 15:16:45.829271";"INFO";"naas_logger";"e69685b1-3da4-403e-857a-5498b19dec24";"scheduler";"scheduler";"healthy";""
"2021-04-22 15:17:45.817850";"INFO";"naas_logger";"375432c4-58e2-4dd5-a3a1-67ae0400bfa1";"scheduler";"scheduler";"started";""
"2021-04-22 15:17:45.821259";"INFO";"naas_logger";"375432c4-58e2-4dd5-a3a1-67ae0400bfa1";"scheduler";"scheduler";"healthy";""
"2021-04-22 15:18:45.829835";"INFO";"naas_logger";"21617323-c5a2-46e5-ab84-6789ee6ecec8";"scheduler";"scheduler";"started";""
"2021-04-22 15:18:45.833496";"INFO";"naas_logger";"21617323-c5a2-46e5-ab84-6789ee6ecec8";"scheduler";"scheduler";"healthy";""
"2021-04-22 15:19:45.809546";"INFO";"naas_logger";"59250eb2-b837-4439-9eba-e94aba5d841e";"scheduler";"scheduler";"started";""
"2021-04-22 15:19:45.812951";"INFO";"naas_logger";"59250eb2-b837-4439-9eba-e94aba5d841e";"scheduler";"scheduler";"healthy";""
"2021-04-22 15:20:45.824884";"INFO";"naas_logger";"080d399e-09ae-44bf-8451-42b5454ae95b";"scheduler";"scheduler";"started";""
"2021-04-22 15:20:45.828300";"INFO";"naas_logger";"080d399e-09ae-44bf-8451-42b5454ae95b";"scheduler";"scheduler";"healthy";""
"2021-04-22 15:21:45.809456";"INFO";"naas_logger";"2a80049c-2527-454f-a2c0-9ac73c8af41f";"scheduler";"scheduler";"started";""
"2021-04-22 15:21:45.813223";"INFO";"naas_logger";"2a80049c-2527-454f-a2c0-9ac73c8af41f";"scheduler";"scheduler";"healthy";""
"2021-04-22 15:22:45.819432";"INFO";"naas_logger";"ffe173f0-06cd-4b9f-8871-8833839ca2a1";"scheduler";"scheduler";"started";""
"2021-04-22 15:22:45.822678";"INFO";"naas_logger";"ffe173f0-06cd-4b9f-8871-8833839ca2a1";"scheduler";"scheduler";"healthy";""
"2021-04-22 15:23:45.813998";"INFO";"naas_logger";"b6de4c79-8ece-4e86-8bc3-99cc83f36f38";"scheduler";"scheduler";"started";""
"2021-04-22 15:23:45.817428";"INFO";"naas_logger";"b6de4c79-8ece-4e86-8bc3-99cc83f36f38";"scheduler";"scheduler";"healthy";""
"2021-04-22 15:24:45.826143";"INFO";"naas_logger";"e1d26e95-91e3-4e3a-ad42-82023a9ebdef";"scheduler";"scheduler";"started";""
"2021-04-22 15:24:45.829125";"INFO";"naas_logger";"e1d26e95-91e3-4e3a-ad42-82023a9ebdef";"scheduler";"scheduler";"healthy";""
"2021-04-22 15:25:45.817862";"INFO";"naas_logger";"b997e15d-6fdb-4860-b7e1-8aa155c3d42a";"scheduler";"scheduler";"started";""
"2021-04-22 15:25:45.820955";"INFO";"naas_logger";"b997e15d-6fdb-4860-b7e1-8aa155c3d42a";"scheduler";"scheduler";"healthy";""
"2021-04-22 15:26:45.821430";"INFO";"naas_logger";"7219be4b-05e7-46e0-95fd-43647e997668";"scheduler";"scheduler";"started";""
"2021-04-22 15:26:45.824654";"INFO";"naas_logger";"7219be4b-05e7-46e0-95fd-43647e997668";"scheduler";"scheduler";"healthy";""
"2021-04-22 15:27:45.818132";"INFO";"naas_logger";"82879fc4-7b3f-4a07-b3a9-dd30e55f3f3a";"scheduler";"scheduler";"started";""
"2021-04-22 15:27:45.822039";"INFO";"naas_logger";"82879fc4-7b3f-4a07-b3a9-dd30e55f3f3a";"scheduler";"scheduler";"healthy";""
"2021-04-22 15:28:45.830367";"INFO";"naas_logger";"abbe312a-beed-4b85-8480-80b414084e76";"scheduler";"scheduler";"started";""
"2021-04-22 15:28:45.833561";"INFO";"naas_logger";"abbe312a-beed-4b85-8480-80b414084e76";"scheduler";"scheduler";"healthy";""
"2021-04-22 15:29:45.828307";"INFO";"naas_logger";"122e31e7-4165-44ab-9aa5-6375912629e8";"scheduler";"scheduler";"started";""
"2021-04-22 15:29:45.832657";"INFO";"naas_logger";"122e31e7-4165-44ab-9aa5-6375912629e8";"scheduler";"scheduler";"healthy";""
"2021-04-22 15:30:45.824700";"INFO";"naas_logger";"00136f88-82da-49f4-846e-a22b500d9ba4";"scheduler";"scheduler";"started";""
"2021-04-22 15:30:45.827719";"INFO";"naas_logger";"00136f88-82da-49f4-846e-a22b500d9ba4";"scheduler";"scheduler";"healthy";""
"2021-04-22 15:31:45.824829";"INFO";"naas_logger";"4f749c01-b869-4443-b748-127925075fb0";"scheduler";"scheduler";"started";""
"2021-04-22 15:31:45.828399";"INFO";"naas_logger";"4f749c01-b869-4443-b748-127925075fb0";"scheduler";"scheduler";"healthy";""
"2021-04-22 15:32:45.825756";"INFO";"naas_logger";"b0d59e32-140f-4c08-a096-7520c9f4e679";"scheduler";"scheduler";"started";""
"2021-04-22 15:32:45.829001";"INFO";"naas_logger";"b0d59e32-140f-4c08-a096-7520c9f4e679";"scheduler";"scheduler";"healthy";""
"2021-04-22 15:33:45.825905";"INFO";"naas_logger";"0a316070-ae4b-404e-af0c-236afef0ad05";"scheduler";"scheduler";"started";""
"2021-04-22 15:33:45.829917";"INFO";"naas_logger";"0a316070-ae4b-404e-af0c-236afef0ad05";"scheduler";"scheduler";"healthy";""
"2021-04-22 15:34:45.796082";"INFO";"naas_logger";"f76855e5-397b-472a-9d30-f7342ca8b33e";"scheduler";"scheduler";"started";""
"2021-04-22 15:34:45.799900";"INFO";"naas_logger";"f76855e5-397b-472a-9d30-f7342ca8b33e";"scheduler";"scheduler";"healthy";""
"2021-04-22 15:35:45.825771";"INFO";"naas_logger";"41593158-109c-4cee-82d7-da9c1440e4e9";"scheduler";"scheduler";"started";""
"2021-04-22 15:35:45.829040";"INFO";"naas_logger";"41593158-109c-4cee-82d7-da9c1440e4e9";"scheduler";"scheduler";"healthy";""
"2021-04-22 15:36:45.775808";"INFO";"naas_logger";"bce3802c-fadc-4b48-b0a8-7144c7c2217b";"scheduler";"scheduler";"started";""
"2021-04-22 15:36:45.779723";"INFO";"naas_logger";"bce3802c-fadc-4b48-b0a8-7144c7c2217b";"scheduler";"scheduler";"healthy";""
"2021-04-22 15:37:45.829587";"INFO";"naas_logger";"078326cc-753e-4fc0-a2b7-ea024a916416";"scheduler";"scheduler";"started";""
"2021-04-22 15:37:45.833116";"INFO";"naas_logger";"078326cc-753e-4fc0-a2b7-ea024a916416";"scheduler";"scheduler";"healthy";""
"2021-04-22 15:38:45.831908";"INFO";"naas_logger";"0d0cb20b-e6cc-41b6-807e-b331d267e57a";"scheduler";"scheduler";"started";""
"2021-04-22 15:38:45.838540";"INFO";"naas_logger";"0d0cb20b-e6cc-41b6-807e-b331d267e57a";"scheduler";"scheduler";"healthy";""
"2021-04-22 15:39:45.819448";"INFO";"naas_logger";"226ef9ef-518f-4348-b447-3b725a6c9da4";"scheduler";"scheduler";"started";""
"2021-04-22 15:39:45.822796";"INFO";"naas_logger";"226ef9ef-518f-4348-b447-3b725a6c9da4";"scheduler";"scheduler";"healthy";""
"2021-04-22 15:40:45.827472";"INFO";"naas_logger";"921cbd60-8136-437e-8156-61f2ff0f7b88";"scheduler";"scheduler";"started";""
"2021-04-22 15:40:45.830502";"INFO";"naas_logger";"921cbd60-8136-437e-8156-61f2ff0f7b88";"scheduler";"scheduler";"healthy";""
"2021-04-22 15:41:45.825755";"INFO";"naas_logger";"0142e8b6-a640-40ba-b805-f9c40ab0fd31";"scheduler";"scheduler";"started";""
"2021-04-22 15:41:45.828832";"INFO";"naas_logger";"0142e8b6-a640-40ba-b805-f9c40ab0fd31";"scheduler";"scheduler";"healthy";""
"2021-04-22 15:42:45.828436";"INFO";"naas_logger";"13497b22-e27d-445e-9fe5-1eea2ad81d0e";"scheduler";"scheduler";"started";""
"2021-04-22 15:42:45.831481";"INFO";"naas_logger";"13497b22-e27d-445e-9fe5-1eea2ad81d0e";"scheduler";"scheduler";"healthy";""
"2021-04-22 15:43:45.825113";"INFO";"naas_logger";"cea74cdb-23de-4d6b-b3cf-e63feb2820f5";"scheduler";"scheduler";"started";""
"2021-04-22 15:43:45.828450";"INFO";"naas_logger";"cea74cdb-23de-4d6b-b3cf-e63feb2820f5";"scheduler";"scheduler";"healthy";""
"2021-04-22 15:44:45.825841";"INFO";"naas_logger";"eaeba511-b4a2-4f98-9ff7-42e309016bb8";"scheduler";"scheduler";"started";""
"2021-04-22 15:44:45.829371";"INFO";"naas_logger";"eaeba511-b4a2-4f98-9ff7-42e309016bb8";"scheduler";"scheduler";"healthy";""
"2021-04-22 15:45:45.829962";"INFO";"naas_logger";"5f13d129-0b39-4aa7-baf7-b6c16877bb77";"scheduler";"scheduler";"started";""
"2021-04-22 15:45:45.838137";"INFO";"naas_logger";"5f13d129-0b39-4aa7-baf7-b6c16877bb77";"scheduler";"scheduler";"healthy";""
"2021-04-22 15:46:45.826806";"INFO";"naas_logger";"4b91f537-b7c5-4ed6-be8a-bd699cf1dc7b";"scheduler";"scheduler";"started";""
"2021-04-22 15:46:45.830341";"INFO";"naas_logger";"4b91f537-b7c5-4ed6-be8a-bd699cf1dc7b";"scheduler";"scheduler";"healthy";""
"2021-04-22 15:47:45.819507";"INFO";"naas_logger";"21da9bd0-c5db-4651-8014-6e3bd9676a2b";"scheduler";"scheduler";"started";""
"2021-04-22 15:47:45.823521";"INFO";"naas_logger";"21da9bd0-c5db-4651-8014-6e3bd9676a2b";"scheduler";"scheduler";"healthy";""
"2021-04-22 15:48:45.825726";"INFO";"naas_logger";"088b2729-14cc-4f61-887d-0af5fd9c1b5a";"scheduler";"scheduler";"started";""
"2021-04-22 15:48:45.829159";"INFO";"naas_logger";"088b2729-14cc-4f61-887d-0af5fd9c1b5a";"scheduler";"scheduler";"healthy";""
"2021-04-22 15:49:45.826364";"INFO";"naas_logger";"ec841885-511a-4ccf-816a-a2668027c733";"scheduler";"scheduler";"started";""
"2021-04-22 15:49:45.830486";"INFO";"naas_logger";"ec841885-511a-4ccf-816a-a2668027c733";"scheduler";"scheduler";"healthy";""
"2021-04-22 15:50:45.825889";"INFO";"naas_logger";"ffb30e3a-c8c0-4412-bc6f-7a003f56073d";"scheduler";"scheduler";"started";""
"2021-04-22 15:50:45.829972";"INFO";"naas_logger";"ffb30e3a-c8c0-4412-bc6f-7a003f56073d";"scheduler";"scheduler";"healthy";""
"2021-04-22 15:51:45.829181";"INFO";"naas_logger";"b814fb6e-feb5-4962-b900-50e76b7529d9";"scheduler";"scheduler";"started";""
"2021-04-22 15:51:45.832960";"INFO";"naas_logger";"b814fb6e-feb5-4962-b900-50e76b7529d9";"scheduler";"scheduler";"healthy";""
"2021-04-22 15:52:45.829923";"INFO";"naas_logger";"51ca8222-e507-4431-ac0d-6792a6b72a03";"scheduler";"scheduler";"started";""
"2021-04-22 15:52:45.834140";"INFO";"naas_logger";"51ca8222-e507-4431-ac0d-6792a6b72a03";"scheduler";"scheduler";"healthy";""
"2021-04-22 15:53:45.825792";"INFO";"naas_logger";"abb1888a-a349-4bf0-9558-4b4c19f7b6e3";"scheduler";"scheduler";"started";""
"2021-04-22 15:53:45.829920";"INFO";"naas_logger";"abb1888a-a349-4bf0-9558-4b4c19f7b6e3";"scheduler";"scheduler";"healthy";""
"2021-04-22 15:54:45.825792";"INFO";"naas_logger";"0798d5c9-b212-4559-9004-0fd8ef67f410";"scheduler";"scheduler";"started";""
"2021-04-22 15:54:45.830182";"INFO";"naas_logger";"0798d5c9-b212-4559-9004-0fd8ef67f410";"scheduler";"scheduler";"healthy";""
"2021-04-22 15:55:45.819525";"INFO";"naas_logger";"1c1e6e48-baeb-47d2-a328-302059a9a95e";"scheduler";"scheduler";"started";""
"2021-04-22 15:55:45.823689";"INFO";"naas_logger";"1c1e6e48-baeb-47d2-a328-302059a9a95e";"scheduler";"scheduler";"healthy";""
"2021-04-22 15:56:45.826100";"INFO";"naas_logger";"d79fc3b8-6f53-4120-a274-39237a3f06a8";"scheduler";"scheduler";"started";""
"2021-04-22 15:56:45.829789";"INFO";"naas_logger";"d79fc3b8-6f53-4120-a274-39237a3f06a8";"scheduler";"scheduler";"healthy";""
"2021-04-22 15:57:45.819535";"INFO";"naas_logger";"36132032-61bd-4aac-90e7-e342316d5cbc";"scheduler";"scheduler";"started";""
"2021-04-22 15:57:45.823039";"INFO";"naas_logger";"36132032-61bd-4aac-90e7-e342316d5cbc";"scheduler";"scheduler";"healthy";""
"2021-04-22 15:58:45.824786";"INFO";"naas_logger";"c1662a46-7105-4b66-b493-1022463527be";"scheduler";"scheduler";"started";""
"2021-04-22 15:58:45.828053";"INFO";"naas_logger";"c1662a46-7105-4b66-b493-1022463527be";"scheduler";"scheduler";"healthy";""
"2021-04-22 15:59:45.824732";"INFO";"naas_logger";"5157d045-06cc-4e1b-9920-3ebfdf5ccbc2";"scheduler";"scheduler";"started";""
"2021-04-22 15:59:45.828080";"INFO";"naas_logger";"5157d045-06cc-4e1b-9920-3ebfdf5ccbc2";"scheduler";"scheduler";"healthy";""
"2021-04-22 16:00:45.830322";"INFO";"naas_logger";"31a1c1c6-b718-42de-b20f-1416c03bfc9b";"scheduler";"scheduler";"started";""
"2021-04-22 16:00:45.836612";"INFO";"naas_logger";"31a1c1c6-b718-42de-b20f-1416c03bfc9b";"scheduler";"scheduler";"healthy";""
"2021-04-22 16:01:45.825769";"INFO";"naas_logger";"338b5610-1aae-4456-b664-694011ff72d1";"scheduler";"scheduler";"started";""
"2021-04-22 16:01:45.829496";"INFO";"naas_logger";"338b5610-1aae-4456-b664-694011ff72d1";"scheduler";"scheduler";"healthy";""
"2021-04-22 16:02:45.827745";"INFO";"naas_logger";"4855ecf2-cf8e-412d-bab2-728d317bc0d0";"scheduler";"scheduler";"started";""
"2021-04-22 16:02:45.831157";"INFO";"naas_logger";"4855ecf2-cf8e-412d-bab2-728d317bc0d0";"scheduler";"scheduler";"healthy";""
"2021-04-22 16:03:45.825841";"INFO";"naas_logger";"d38d5564-b9af-4574-9a13-eb43566b9e4a";"scheduler";"scheduler";"started";""
"2021-04-22 16:03:45.828878";"INFO";"naas_logger";"d38d5564-b9af-4574-9a13-eb43566b9e4a";"scheduler";"scheduler";"healthy";""
"2021-04-22 16:04:45.825795";"INFO";"naas_logger";"819b4035-b3a1-4002-9cef-685fb53b3e3b";"scheduler";"scheduler";"started";""
"2021-04-22 16:04:45.829204";"INFO";"naas_logger";"819b4035-b3a1-4002-9cef-685fb53b3e3b";"scheduler";"scheduler";"healthy";""
"2021-04-22 16:05:45.824713";"INFO";"naas_logger";"547acd75-e8fc-436f-a0e8-1b6f397dfe72";"scheduler";"scheduler";"started";""
"2021-04-22 16:05:45.827755";"INFO";"naas_logger";"547acd75-e8fc-436f-a0e8-1b6f397dfe72";"scheduler";"scheduler";"healthy";""
"2021-04-22 16:06:45.826969";"INFO";"naas_logger";"2eb0424f-64dd-481f-b0e1-12bd1392bf34";"scheduler";"scheduler";"started";""
"2021-04-22 16:06:45.830162";"INFO";"naas_logger";"2eb0424f-64dd-481f-b0e1-12bd1392bf34";"scheduler";"scheduler";"healthy";""
"2021-04-22 16:07:45.808069";"INFO";"naas_logger";"bf02368d-7321-4579-b9c5-84eb284b4d89";"scheduler";"scheduler";"started";""
"2021-04-22 16:07:45.811624";"INFO";"naas_logger";"bf02368d-7321-4579-b9c5-84eb284b4d89";"scheduler";"scheduler";"healthy";""
"2021-04-22 16:08:45.827938";"INFO";"naas_logger";"7751b5fc-c691-4fd4-be61-96f8f3c55555";"scheduler";"scheduler";"started";""
"2021-04-22 16:08:45.831256";"INFO";"naas_logger";"7751b5fc-c691-4fd4-be61-96f8f3c55555";"scheduler";"scheduler";"healthy";""
"2021-04-22 16:09:45.826014";"INFO";"naas_logger";"481521ef-244b-44bd-a556-ac904f80b197";"scheduler";"scheduler";"started";""
"2021-04-22 16:09:45.832022";"INFO";"naas_logger";"481521ef-244b-44bd-a556-ac904f80b197";"scheduler";"scheduler";"healthy";""
"2021-04-22 16:10:45.826719";"INFO";"naas_logger";"d95adcd5-7658-4268-a2d6-66c73faf138d";"scheduler";"scheduler";"started";""
"2021-04-22 16:10:45.830301";"INFO";"naas_logger";"d95adcd5-7658-4268-a2d6-66c73faf138d";"scheduler";"scheduler";"healthy";""
"2021-04-22 16:11:45.829839";"INFO";"naas_logger";"7c822d4b-0ad7-4eb2-b2af-3159fb86a4b5";"scheduler";"scheduler";"started";""
"2021-04-22 16:11:45.833414";"INFO";"naas_logger";"7c822d4b-0ad7-4eb2-b2af-3159fb86a4b5";"scheduler";"scheduler";"healthy";""
"2021-04-22 16:12:45.809552";"INFO";"naas_logger";"9eacab35-d072-434f-87ba-1fc8252ff59e";"scheduler";"scheduler";"started";""
"2021-04-22 16:12:45.813915";"INFO";"naas_logger";"9eacab35-d072-434f-87ba-1fc8252ff59e";"scheduler";"scheduler";"healthy";""
"2021-04-22 16:13:45.826435";"INFO";"naas_logger";"a408495e-e926-46bd-9f64-fd2eb3f89b4e";"scheduler";"scheduler";"started";""
"2021-04-22 16:13:45.830183";"INFO";"naas_logger";"a408495e-e926-46bd-9f64-fd2eb3f89b4e";"scheduler";"scheduler";"healthy";""
"2021-04-22 16:14:45.824712";"INFO";"naas_logger";"ffc83896-2205-4778-974e-6375d415ff60";"scheduler";"scheduler";"started";""
"2021-04-22 16:14:45.827934";"INFO";"naas_logger";"ffc83896-2205-4778-974e-6375d415ff60";"scheduler";"scheduler";"healthy";""
"2021-04-22 16:15:45.825905";"INFO";"naas_logger";"9974a1d3-4e93-41c8-80f4-813bcd393e6e";"scheduler";"scheduler";"started";""
"2021-04-22 16:15:45.829662";"INFO";"naas_logger";"9974a1d3-4e93-41c8-80f4-813bcd393e6e";"scheduler";"scheduler";"healthy";""
"2021-04-22 16:16:45.825717";"INFO";"naas_logger";"ecc36668-4501-4fd4-bd38-c108e8cd6aa1";"scheduler";"scheduler";"started";""
"2021-04-22 16:16:45.829179";"INFO";"naas_logger";"ecc36668-4501-4fd4-bd38-c108e8cd6aa1";"scheduler";"scheduler";"healthy";""
"2021-04-22 16:17:45.829647";"INFO";"naas_logger";"bae0f7d8-37fd-44d1-ad5b-145b4cc72622";"scheduler";"scheduler";"started";""
"2021-04-22 16:17:45.833817";"INFO";"naas_logger";"bae0f7d8-37fd-44d1-ad5b-145b4cc72622";"scheduler";"scheduler";"healthy";""
"2021-04-22 16:18:45.825147";"INFO";"naas_logger";"04339c21-e543-4a61-a53d-ff9fa2cc7fac";"scheduler";"scheduler";"started";""
"2021-04-22 16:18:45.828735";"INFO";"naas_logger";"04339c21-e543-4a61-a53d-ff9fa2cc7fac";"scheduler";"scheduler";"healthy";""
"2021-04-22 16:19:45.826113";"INFO";"naas_logger";"5d873214-facc-4d28-869d-8b689f54c1df";"scheduler";"scheduler";"started";""
"2021-04-22 16:19:45.829439";"INFO";"naas_logger";"5d873214-facc-4d28-869d-8b689f54c1df";"scheduler";"scheduler";"healthy";""
"2021-04-22 16:20:45.830721";"INFO";"naas_logger";"309c613f-3615-420b-b8bc-875c72ee3997";"scheduler";"scheduler";"started";""
"2021-04-22 16:20:45.832111";"INFO";"naas_logger";"309c613f-3615-420b-b8bc-875c72ee3997";"scheduler";"scheduler";"healthy";""
"2021-04-22 16:21:45.825753";"INFO";"naas_logger";"d2426631-cfb3-4272-b223-081411ebbba6";"scheduler";"scheduler";"started";""
"2021-04-22 16:21:45.829267";"INFO";"naas_logger";"d2426631-cfb3-4272-b223-081411ebbba6";"scheduler";"scheduler";"healthy";""
"2021-04-22 16:22:45.825787";"INFO";"naas_logger";"efe22f3e-3bbe-44b9-846b-18f87c350f96";"scheduler";"scheduler";"started";""
"2021-04-22 16:22:45.829081";"INFO";"naas_logger";"efe22f3e-3bbe-44b9-846b-18f87c350f96";"scheduler";"scheduler";"healthy";""
"2021-04-22 16:23:45.822065";"INFO";"naas_logger";"20e8c934-f07d-40e9-b114-d67efe8beb0b";"scheduler";"scheduler";"started";""
"2021-04-22 16:23:45.825823";"INFO";"naas_logger";"20e8c934-f07d-40e9-b114-d67efe8beb0b";"scheduler";"scheduler";"healthy";""
"2021-04-22 16:24:45.828641";"INFO";"naas_logger";"d857dded-91a7-4d47-bcd1-a625af5dfbe9";"scheduler";"scheduler";"started";""
"2021-04-22 16:24:45.832508";"INFO";"naas_logger";"d857dded-91a7-4d47-bcd1-a625af5dfbe9";"scheduler";"scheduler";"healthy";""
"2021-04-22 16:25:45.825890";"INFO";"naas_logger";"cb8f9db4-febd-4835-989b-33ce5e9ba563";"scheduler";"scheduler";"started";""
"2021-04-22 16:25:45.829871";"INFO";"naas_logger";"cb8f9db4-febd-4835-989b-33ce5e9ba563";"scheduler";"scheduler";"healthy";""
"2021-04-22 16:26:45.826983";"INFO";"naas_logger";"02dcb350-b8e6-4b62-b8cf-abe5b399359d";"scheduler";"scheduler";"started";""
"2021-04-22 16:26:45.831080";"INFO";"naas_logger";"02dcb350-b8e6-4b62-b8cf-abe5b399359d";"scheduler";"scheduler";"healthy";""
"2021-04-22 16:27:45.829973";"INFO";"naas_logger";"db803606-e923-4768-8f65-0b9e98ebf5f6";"scheduler";"scheduler";"started";""
"2021-04-22 16:27:45.834144";"INFO";"naas_logger";"db803606-e923-4768-8f65-0b9e98ebf5f6";"scheduler";"scheduler";"healthy";""
"2021-04-22 16:28:45.827616";"INFO";"naas_logger";"55568928-334b-440c-98c1-997d4649d873";"scheduler";"scheduler";"started";""
"2021-04-22 16:28:45.831441";"INFO";"naas_logger";"55568928-334b-440c-98c1-997d4649d873";"scheduler";"scheduler";"healthy";""
"2021-04-22 16:29:45.833028";"INFO";"naas_logger";"da5e7662-6259-4fbd-916e-2ef413e9cb45";"scheduler";"scheduler";"started";""
"2021-04-22 16:29:45.840180";"INFO";"naas_logger";"da5e7662-6259-4fbd-916e-2ef413e9cb45";"scheduler";"scheduler";"healthy";""
"2021-04-22 16:30:45.830061";"INFO";"naas_logger";"88d38227-0401-4ee3-8e4e-4b202680b52e";"scheduler";"scheduler";"started";""
"2021-04-22 16:30:45.837990";"INFO";"naas_logger";"88d38227-0401-4ee3-8e4e-4b202680b52e";"scheduler";"scheduler";"healthy";""
"2021-04-22 16:31:45.829789";"INFO";"naas_logger";"2900bc3d-a077-4e8a-8968-6a9a1e77c3f8";"scheduler";"scheduler";"started";""
"2021-04-22 16:31:45.833431";"INFO";"naas_logger";"2900bc3d-a077-4e8a-8968-6a9a1e77c3f8";"scheduler";"scheduler";"healthy";""
"2021-04-22 16:32:45.832317";"INFO";"naas_logger";"1e13c300-89af-40ca-8bf2-8402085e62b9";"scheduler";"scheduler";"started";""
"2021-04-22 16:32:45.837957";"INFO";"naas_logger";"1e13c300-89af-40ca-8bf2-8402085e62b9";"scheduler";"scheduler";"healthy";""
"2021-04-22 16:33:45.825803";"INFO";"naas_logger";"b2d79038-7b0e-4138-9fb2-d8b7e9fa2bd5";"scheduler";"scheduler";"started";""
"2021-04-22 16:33:45.829776";"INFO";"naas_logger";"b2d79038-7b0e-4138-9fb2-d8b7e9fa2bd5";"scheduler";"scheduler";"healthy";""
"2021-04-22 16:34:45.813467";"INFO";"naas_logger";"7e876d4b-ef0a-476a-a5b1-0bf8f32771c4";"scheduler";"scheduler";"started";""
"2021-04-22 16:34:45.817562";"INFO";"naas_logger";"7e876d4b-ef0a-476a-a5b1-0bf8f32771c4";"scheduler";"scheduler";"healthy";""
"2021-04-22 16:35:45.781756";"INFO";"naas_logger";"9ab8e692-a47d-410f-8b37-e6a3feade0a7";"scheduler";"scheduler";"started";""
"2021-04-22 16:35:45.785744";"INFO";"naas_logger";"9ab8e692-a47d-410f-8b37-e6a3feade0a7";"scheduler";"scheduler";"healthy";""
"2021-04-22 16:36:45.826065";"INFO";"naas_logger";"752f0f69-c017-42c0-84f0-c0de7555a2c9";"scheduler";"scheduler";"started";""
"2021-04-22 16:36:45.829795";"INFO";"naas_logger";"752f0f69-c017-42c0-84f0-c0de7555a2c9";"scheduler";"scheduler";"healthy";""
"2021-04-22 16:37:45.790158";"INFO";"naas_logger";"d4490c01-73c5-44b5-922f-0aaa5560a82d";"scheduler";"scheduler";"started";""
"2021-04-22 16:37:45.793752";"INFO";"naas_logger";"d4490c01-73c5-44b5-922f-0aaa5560a82d";"scheduler";"scheduler";"healthy";""
"2021-04-22 16:38:45.824799";"INFO";"naas_logger";"5a8886e0-c4cb-4ec8-99e7-7df38ba71c5d";"scheduler";"scheduler";"started";""
"2021-04-22 16:38:45.825941";"INFO";"naas_logger";"5a8886e0-c4cb-4ec8-99e7-7df38ba71c5d";"scheduler";"scheduler";"healthy";""
"2021-04-22 16:39:45.794062";"INFO";"naas_logger";"fd8cbc12-c673-43f8-9c29-4b560384835d";"scheduler";"scheduler";"started";""
"2021-04-22 16:39:45.797843";"INFO";"naas_logger";"fd8cbc12-c673-43f8-9c29-4b560384835d";"scheduler";"scheduler";"healthy";""
"2021-04-22 16:40:45.825984";"INFO";"naas_logger";"dadf48df-c7dc-425b-9ef0-c72857b333ff";"scheduler";"scheduler";"started";""
"2021-04-22 16:40:45.826986";"INFO";"naas_logger";"dadf48df-c7dc-425b-9ef0-c72857b333ff";"scheduler";"scheduler";"healthy";""
"2021-04-22 16:41:45.793773";"INFO";"naas_logger";"9da3e6c0-7ffd-490f-871e-b73716b0b5e3";"scheduler";"scheduler";"started";""
"2021-04-22 16:41:45.797965";"INFO";"naas_logger";"9da3e6c0-7ffd-490f-871e-b73716b0b5e3";"scheduler";"scheduler";"healthy";""
"2021-04-22 17:15:59.578053";"INFO";"naas_logger";"4d12e7ee-2eda-4f80-b5c7-18b64ca06626";"main";"runner";"init API";""
"2021-04-22 17:15:59.578414";"INFO";"naas_logger";"164c438d-1909-4df8-a37b-a42b51bf0004";"main";"runner";"start API";""
"2021-04-22 17:16:01.561767";"INFO";"naas_logger";"587e1dcb-0cd2-4411-9d67-bed683248453";"main";"runner";"init API";""
"2021-04-22 17:16:01.562143";"INFO";"naas_logger";"6e13bc1a-10ac-4b8b-b0f2-ed64c8708f4d";"main";"runner";"start API";""
"2021-04-22 17:16:01.887794";"INFO";"naas_logger";"d7b0bf77-9c64-439a-8c88-6b2be3bf341c";"main";"sheduler";"start SCHEDULER seconds=60, max_instances=60";""
"2021-04-22 17:17:01.945037";"INFO";"naas_logger";"ea9d9179-4446-46d3-9bd2-2fc928de5957";"scheduler";"scheduler";"started";""
"2021-04-22 17:17:01.949656";"INFO";"naas_logger";"ea9d9179-4446-46d3-9bd2-2fc928de5957";"scheduler";"scheduler";"healthy";""
"2021-04-22 17:18:01.928898";"INFO";"naas_logger";"07ce9fbc-0c2f-4842-9d0a-588629ffd57d";"scheduler";"scheduler";"started";""
"2021-04-22 17:18:01.929943";"INFO";"naas_logger";"07ce9fbc-0c2f-4842-9d0a-588629ffd57d";"scheduler";"scheduler";"healthy";""
"2021-04-22 17:19:01.946809";"INFO";"naas_logger";"427708c3-0ebd-45cc-8dd2-5706bfd5b63c";"scheduler";"scheduler";"started";""
"2021-04-22 17:19:01.948111";"INFO";"naas_logger";"427708c3-0ebd-45cc-8dd2-5706bfd5b63c";"scheduler";"scheduler";"healthy";""
"2021-04-22 17:20:01.929715";"INFO";"naas_logger";"441c8927-e3b7-49fb-87ec-8ec58403ccc9";"scheduler";"scheduler";"started";""
"2021-04-22 17:20:01.932791";"INFO";"naas_logger";"441c8927-e3b7-49fb-87ec-8ec58403ccc9";"scheduler";"scheduler";"healthy";""
"2021-04-22 17:21:01.945126";"INFO";"naas_logger";"c2535365-b4a8-4c93-a579-f23694a8db41";"scheduler";"scheduler";"started";""
"2021-04-22 17:21:01.947732";"INFO";"naas_logger";"c2535365-b4a8-4c93-a579-f23694a8db41";"scheduler";"scheduler";"healthy";""
"2021-04-22 17:22:01.933517";"INFO";"naas_logger";"715acf29-e173-4019-aafd-6720cb88962c";"scheduler";"scheduler";"started";""
"2021-04-22 17:22:01.937013";"INFO";"naas_logger";"715acf29-e173-4019-aafd-6720cb88962c";"scheduler";"scheduler";"healthy";""
"2021-04-22 17:23:01.892948";"INFO";"naas_logger";"4cc47d06-3496-4b4f-9a80-3b7b2fe4ca13";"scheduler";"scheduler";"started";""
"2021-04-22 17:23:01.895705";"INFO";"naas_logger";"4cc47d06-3496-4b4f-9a80-3b7b2fe4ca13";"scheduler";"scheduler";"healthy";""
"2021-04-22 17:24:01.929267";"INFO";"naas_logger";"15e7576b-6dea-4a69-950a-b85a93466eaf";"scheduler";"scheduler";"started";""
"2021-04-22 17:24:01.932855";"INFO";"naas_logger";"15e7576b-6dea-4a69-950a-b85a93466eaf";"scheduler";"scheduler";"healthy";""
"2021-04-22 17:25:01.948117";"INFO";"naas_logger";"e2118dfb-5162-4eaa-a336-7e5c28c65f36";"scheduler";"scheduler";"started";""
"2021-04-22 17:25:01.951989";"INFO";"naas_logger";"e2118dfb-5162-4eaa-a336-7e5c28c65f36";"scheduler";"scheduler";"healthy";""
"2021-04-22 17:26:01.929268";"INFO";"naas_logger";"dfcf7864-4bbf-478e-b49d-21e6791deeab";"scheduler";"scheduler";"started";""
"2021-04-22 17:26:01.932597";"INFO";"naas_logger";"dfcf7864-4bbf-478e-b49d-21e6791deeab";"scheduler";"scheduler";"healthy";""
"2021-04-22 17:27:01.946920";"INFO";"naas_logger";"8ba5e8d0-07a4-457e-ad40-fdb6275a5678";"scheduler";"scheduler";"started";""
"2021-04-22 17:27:01.950042";"INFO";"naas_logger";"8ba5e8d0-07a4-457e-ad40-fdb6275a5678";"scheduler";"scheduler";"healthy";""
"2021-04-22 17:28:01.928442";"INFO";"naas_logger";"2e264da3-9493-4adc-ac69-3495615eddd8";"scheduler";"scheduler";"started";""
"2021-04-22 17:28:01.932256";"INFO";"naas_logger";"2e264da3-9493-4adc-ac69-3495615eddd8";"scheduler";"scheduler";"healthy";""
"2021-04-22 17:29:01.947798";"INFO";"naas_logger";"367a9f9e-fc75-4002-89ed-e5734b09db8f";"scheduler";"scheduler";"started";""
"2021-04-22 17:29:01.951314";"INFO";"naas_logger";"367a9f9e-fc75-4002-89ed-e5734b09db8f";"scheduler";"scheduler";"healthy";""
"2021-04-22 17:30:01.917664";"INFO";"naas_logger";"0d4bd426-657b-485c-91b9-7baae556a5f3";"scheduler";"scheduler";"started";""
"2021-04-22 17:30:01.920837";"INFO";"naas_logger";"0d4bd426-657b-485c-91b9-7baae556a5f3";"scheduler";"scheduler";"healthy";""
"2021-04-22 17:31:01.947695";"INFO";"naas_logger";"53908675-f9ac-479c-bd82-33139695ed32";"scheduler";"scheduler";"started";""
"2021-04-22 17:31:01.951066";"INFO";"naas_logger";"53908675-f9ac-479c-bd82-33139695ed32";"scheduler";"scheduler";"healthy";""
"2021-04-22 17:32:01.933337";"INFO";"naas_logger";"4675c801-6785-488f-874a-d1e91c76eb24";"scheduler";"scheduler";"started";""
"2021-04-22 17:32:01.937171";"INFO";"naas_logger";"4675c801-6785-488f-874a-d1e91c76eb24";"scheduler";"scheduler";"healthy";""
"2021-04-22 17:33:01.901640";"INFO";"naas_logger";"828d2e6d-1627-4726-bebf-b90bca098d3b";"scheduler";"scheduler";"started";""
"2021-04-22 17:33:01.904942";"INFO";"naas_logger";"828d2e6d-1627-4726-bebf-b90bca098d3b";"scheduler";"scheduler";"healthy";""
"2021-04-22 17:34:01.947663";"INFO";"naas_logger";"c4b6c45e-30c7-4f34-a7dc-df152d899efd";"scheduler";"scheduler";"started";""
"2021-04-22 17:34:01.950912";"INFO";"naas_logger";"c4b6c45e-30c7-4f34-a7dc-df152d899efd";"scheduler";"scheduler";"healthy";""
"2021-04-22 17:35:01.944902";"INFO";"naas_logger";"57e9d779-dd6b-4737-96f5-81f9fc965928";"scheduler";"scheduler";"started";""
"2021-04-22 17:35:01.948303";"INFO";"naas_logger";"57e9d779-dd6b-4737-96f5-81f9fc965928";"scheduler";"scheduler";"healthy";""
"2021-04-22 17:36:01.892982";"INFO";"naas_logger";"75d85a5f-4bcf-46aa-b4b7-87a21548052b";"scheduler";"scheduler";"started";""
"2021-04-22 17:36:01.895909";"INFO";"naas_logger";"75d85a5f-4bcf-46aa-b4b7-87a21548052b";"scheduler";"scheduler";"healthy";""
"2021-04-22 17:37:01.948245";"INFO";"naas_logger";"6458baa2-81b1-43dd-b2f8-adb4e01465b7";"scheduler";"scheduler";"started";""
"2021-04-22 17:37:01.951721";"INFO";"naas_logger";"6458baa2-81b1-43dd-b2f8-adb4e01465b7";"scheduler";"scheduler";"healthy";""
"2021-04-22 17:38:01.915906";"INFO";"naas_logger";"b7fc5e1b-ea71-4a97-a87e-52bfdd1c9115";"scheduler";"scheduler";"started";""
"2021-04-22 17:38:01.919334";"INFO";"naas_logger";"b7fc5e1b-ea71-4a97-a87e-52bfdd1c9115";"scheduler";"scheduler";"healthy";""
"2021-04-22 17:39:01.949550";"INFO";"naas_logger";"28817da7-9808-419f-bd5e-bf2ddef3337f";"scheduler";"scheduler";"started";""
"2021-04-22 17:39:01.952819";"INFO";"naas_logger";"28817da7-9808-419f-bd5e-bf2ddef3337f";"scheduler";"scheduler";"healthy";""
"2021-04-22 21:35:37.441040";"INFO";"naas_logger";"5afac3c5-43d0-4124-9bfb-ea7392c140ac";"main";"runner";"init API";""
"2021-04-22 21:35:37.441401";"INFO";"naas_logger";"1b56227e-2e13-4926-b0f1-17ab160d56df";"main";"runner";"start API";""
"2021-04-22 21:35:39.665137";"INFO";"naas_logger";"b9232cb2-c871-4f0b-9853-13f4a99b95df";"main";"runner";"init API";""
"2021-04-22 21:35:39.665581";"INFO";"naas_logger";"20eff231-3762-49cf-9e2d-f2e332f9772d";"main";"runner";"start API";""
"2021-04-22 21:35:39.957109";"INFO";"naas_logger";"37fbb13e-5449-417e-9e24-5bbd2ef30b05";"main";"sheduler";"start SCHEDULER seconds=60, max_instances=60";""
"2021-05-17 09:27:36.163490";"INFO";"naas_logger";"b132963a-b1e1-41d3-9cae-cd1dcb43ccaa";"main";"runner";"init API";""
"2021-05-17 09:27:36.163833";"INFO";"naas_logger";"42875b6e-8876-4090-ab43-69c22e3debe9";"main";"runner";"start API";""
"2021-05-17 09:27:38.214206";"INFO";"naas_logger";"d413cd71-53d0-45b8-90fc-0dd2b8c8535d";"main";"runner";"init API";""
"2021-05-17 09:27:38.214533";"INFO";"naas_logger";"5b61172f-8a01-44c5-87b0-8f49bb6ce561";"main";"runner";"start API";""
"2021-05-17 09:27:38.529400";"INFO";"naas_logger";"bbdedda2-d3fd-4a15-847a-247648a78cc3";"main";"sheduler";"start SCHEDULER seconds=60, max_instances=60";""
"2021-05-17 09:28:38.588075";"INFO";"naas_logger";"d7b41a43-bab9-4c23-8e39-c5713d49cd74";"scheduler";"scheduler";"started";""
"2021-05-17 09:28:38.592573";"INFO";"naas_logger";"d7b41a43-bab9-4c23-8e39-c5713d49cd74";"scheduler";"scheduler";"healthy";""
"2021-05-17 09:29:38.589399";"INFO";"naas_logger";"5bdfab51-adba-455a-a019-e1264abeca2d";"scheduler";"scheduler";"started";""
"2021-05-17 09:29:38.592801";"INFO";"naas_logger";"5bdfab51-adba-455a-a019-e1264abeca2d";"scheduler";"scheduler";"healthy";""
"2021-05-17 09:30:38.587968";"INFO";"naas_logger";"b725a1da-3c8c-4ed5-aa3e-9f38b8ac87a4";"scheduler";"scheduler";"started";""
"2021-05-17 09:30:38.591844";"INFO";"naas_logger";"b725a1da-3c8c-4ed5-aa3e-9f38b8ac87a4";"scheduler";"scheduler";"healthy";""
"2021-05-17 09:31:38.576061";"INFO";"naas_logger";"d1f196ec-967c-426b-8780-b368ff9c9d45";"scheduler";"scheduler";"started";""
"2021-05-17 09:31:38.579404";"INFO";"naas_logger";"d1f196ec-967c-426b-8780-b368ff9c9d45";"scheduler";"scheduler";"healthy";""
"2021-05-17 09:32:38.587576";"INFO";"naas_logger";"3adc432d-dbfc-42c7-abf9-3249aad217c8";"scheduler";"scheduler";"started";""
"2021-05-17 09:32:38.591139";"INFO";"naas_logger";"3adc432d-dbfc-42c7-abf9-3249aad217c8";"scheduler";"scheduler";"healthy";""
"2021-05-17 09:33:38.584200";"INFO";"naas_logger";"8cbabba0-f864-4829-b735-0aea98eca0ae";"scheduler";"scheduler";"started";""
"2021-05-17 09:33:38.591547";"INFO";"naas_logger";"8cbabba0-f864-4829-b735-0aea98eca0ae";"scheduler";"scheduler";"healthy";""
"2021-05-17 09:34:38.565277";"INFO";"naas_logger";"e2bd2a55-e60d-40e1-9b57-d44f7b2dbf29";"scheduler";"scheduler";"started";""
"2021-05-17 09:34:38.569180";"INFO";"naas_logger";"e2bd2a55-e60d-40e1-9b57-d44f7b2dbf29";"scheduler";"scheduler";"healthy";""
"2021-05-17 09:35:38.530466";"INFO";"naas_logger";"6da9d535-1a2a-40cf-b7c6-69e199de22b4";"scheduler";"scheduler";"started";""
"2021-05-17 09:35:38.533684";"INFO";"naas_logger";"6da9d535-1a2a-40cf-b7c6-69e199de22b4";"scheduler";"scheduler";"healthy";""
"2021-05-17 09:36:38.590589";"INFO";"naas_logger";"dcc02669-09c5-42c2-af17-23782570ba05";"scheduler";"scheduler";"started";""
"2021-05-17 09:36:38.594075";"INFO";"naas_logger";"dcc02669-09c5-42c2-af17-23782570ba05";"scheduler";"scheduler";"healthy";""
"2021-05-17 09:37:38.587946";"INFO";"naas_logger";"1df58ed3-9479-484a-9d91-a2b33dbd0d54";"scheduler";"scheduler";"started";""
"2021-05-17 09:37:38.591418";"INFO";"naas_logger";"1df58ed3-9479-484a-9d91-a2b33dbd0d54";"scheduler";"scheduler";"healthy";""
"2021-05-17 09:38:38.587728";"INFO";"naas_logger";"89d1cf0a-ac0d-41c6-b8b1-3fb1c9816781";"scheduler";"scheduler";"started";""
"2021-05-17 09:38:38.591493";"INFO";"naas_logger";"89d1cf0a-ac0d-41c6-b8b1-3fb1c9816781";"scheduler";"scheduler";"healthy";""
"2021-05-17 09:39:38.577118";"INFO";"naas_logger";"05e079bd-f8f4-46e2-ab46-e2a144a0c32e";"scheduler";"scheduler";"started";""
"2021-05-17 09:39:38.580359";"INFO";"naas_logger";"05e079bd-f8f4-46e2-ab46-e2a144a0c32e";"scheduler";"scheduler";"healthy";""
"2021-05-17 09:40:38.591713";"INFO";"naas_logger";"96f7928f-6378-47bc-b68c-e3d9cd5ae7d0";"scheduler";"scheduler";"started";""
"2021-05-17 09:40:38.595578";"INFO";"naas_logger";"96f7928f-6378-47bc-b68c-e3d9cd5ae7d0";"scheduler";"scheduler";"healthy";""
"2021-05-17 09:41:38.589240";"INFO";"naas_logger";"a7eea19a-c415-4962-b5d3-afccd81df957";"scheduler";"scheduler";"started";""
"2021-05-17 09:41:38.592943";"INFO";"naas_logger";"a7eea19a-c415-4962-b5d3-afccd81df957";"scheduler";"scheduler";"healthy";""
"2021-05-17 09:42:38.584644";"INFO";"naas_logger";"38a83e46-7882-44f7-b2cf-cd0a5ac849a6";"scheduler";"scheduler";"started";""
"2021-05-17 09:42:38.588727";"INFO";"naas_logger";"38a83e46-7882-44f7-b2cf-cd0a5ac849a6";"scheduler";"scheduler";"healthy";""
"2021-05-17 09:43:38.587419";"INFO";"naas_logger";"c015d5a8-4420-4d56-ae27-a9f92cdafaef";"scheduler";"scheduler";"started";""
"2021-05-17 09:43:38.588414";"INFO";"naas_logger";"c015d5a8-4420-4d56-ae27-a9f92cdafaef";"scheduler";"scheduler";"healthy";""
"2021-05-17 09:44:38.584469";"INFO";"naas_logger";"4c5d2457-0076-4121-ae3f-f64b5771b856";"scheduler";"scheduler";"started";""
"2021-05-17 09:44:38.587741";"INFO";"naas_logger";"4c5d2457-0076-4121-ae3f-f64b5771b856";"scheduler";"scheduler";"healthy";""
"2021-05-17 09:45:38.587950";"INFO";"naas_logger";"de6809ba-0f12-4186-8179-f61f2038627a";"scheduler";"scheduler";"started";""
"2021-05-17 09:45:38.591420";"INFO";"naas_logger";"de6809ba-0f12-4186-8179-f61f2038627a";"scheduler";"scheduler";"healthy";""
"2021-05-17 09:46:38.587616";"INFO";"naas_logger";"3913ac50-0a05-4acd-8ef7-e9c5803d276b";"scheduler";"scheduler";"started";""
"2021-05-17 09:46:38.591270";"INFO";"naas_logger";"3913ac50-0a05-4acd-8ef7-e9c5803d276b";"scheduler";"scheduler";"healthy";""
"2021-05-17 09:47:38.587844";"INFO";"naas_logger";"a7712d77-94f8-423a-9d23-5cd5f3fcb052";"scheduler";"scheduler";"started";""
"2021-05-17 09:47:38.590797";"INFO";"naas_logger";"a7712d77-94f8-423a-9d23-5cd5f3fcb052";"scheduler";"scheduler";"healthy";""
"2021-05-17 09:48:38.588043";"INFO";"naas_logger";"a82b123f-772e-4363-b256-7670574db861";"scheduler";"scheduler";"started";""
"2021-05-17 09:48:38.592971";"INFO";"naas_logger";"a82b123f-772e-4363-b256-7670574db861";"scheduler";"scheduler";"healthy";""
"2021-05-17 09:49:38.587506";"INFO";"naas_logger";"911a828f-55cf-4825-bd4d-e3dd1ef2a58a";"scheduler";"scheduler";"started";""
"2021-05-17 09:49:38.591210";"INFO";"naas_logger";"911a828f-55cf-4825-bd4d-e3dd1ef2a58a";"scheduler";"scheduler";"healthy";""
"2021-05-17 09:50:38.591758";"INFO";"naas_logger";"c7a8aa3c-653e-4c15-84ed-051ff7e2ca91";"scheduler";"scheduler";"started";""
"2021-05-17 09:50:38.595306";"INFO";"naas_logger";"c7a8aa3c-653e-4c15-84ed-051ff7e2ca91";"scheduler";"scheduler";"healthy";""
"2021-05-17 09:51:38.587717";"INFO";"naas_logger";"14272e07-3ad2-4844-9cbb-5b57675d99a5";"scheduler";"scheduler";"started";""
"2021-05-17 09:51:38.591637";"INFO";"naas_logger";"14272e07-3ad2-4844-9cbb-5b57675d99a5";"scheduler";"scheduler";"healthy";""
"2021-05-17 09:52:38.584367";"INFO";"naas_logger";"a2c7006b-a386-47b4-95d4-63d078f82c51";"scheduler";"scheduler";"started";""
"2021-05-17 09:52:38.587450";"INFO";"naas_logger";"a2c7006b-a386-47b4-95d4-63d078f82c51";"scheduler";"scheduler";"healthy";""
"2021-05-17 09:53:38.562052";"INFO";"naas_logger";"a05f7071-dd23-424b-ac47-d45c657995b9";"scheduler";"scheduler";"started";""
"2021-05-17 09:53:38.564943";"INFO";"naas_logger";"a05f7071-dd23-424b-ac47-d45c657995b9";"scheduler";"scheduler";"healthy";""
"2021-05-17 09:54:38.587813";"INFO";"naas_logger";"eb608c98-dd32-474e-a52f-4ebff3f2579e";"scheduler";"scheduler";"started";""
"2021-05-17 09:54:38.591451";"INFO";"naas_logger";"eb608c98-dd32-474e-a52f-4ebff3f2579e";"scheduler";"scheduler";"healthy";""
"2021-05-17 09:55:38.584267";"INFO";"naas_logger";"ccc45471-21f4-4db8-a35d-8e12b070cab4";"scheduler";"scheduler";"started";""
"2021-05-17 09:55:38.588057";"INFO";"naas_logger";"ccc45471-21f4-4db8-a35d-8e12b070cab4";"scheduler";"scheduler";"healthy";""
"2021-05-17 09:56:38.584282";"INFO";"naas_logger";"e14ccf09-3992-4b61-b98a-a1f7ef383e09";"scheduler";"scheduler";"started";""
"2021-05-17 09:56:38.591585";"INFO";"naas_logger";"e14ccf09-3992-4b61-b98a-a1f7ef383e09";"scheduler";"scheduler";"healthy";""
"2021-05-17 09:57:38.577268";"INFO";"naas_logger";"de5eb6d3-cfbb-413c-9009-a661e8e24f17";"scheduler";"scheduler";"started";""
"2021-05-17 09:57:38.580200";"INFO";"naas_logger";"de5eb6d3-cfbb-413c-9009-a661e8e24f17";"scheduler";"scheduler";"healthy";""
"2021-05-17 09:58:38.591874";"INFO";"naas_logger";"48a34766-2104-414c-9cda-34b8a364ae90";"scheduler";"scheduler";"started";""
"2021-05-17 09:58:38.595641";"INFO";"naas_logger";"48a34766-2104-414c-9cda-34b8a364ae90";"scheduler";"scheduler";"healthy";""
"2021-05-17 09:59:38.587738";"INFO";"naas_logger";"dc6cc64b-c495-4339-b1bc-65aecd862a8d";"scheduler";"scheduler";"started";""
"2021-05-17 09:59:38.591262";"INFO";"naas_logger";"dc6cc64b-c495-4339-b1bc-65aecd862a8d";"scheduler";"scheduler";"healthy";""
"2021-05-17 10:00:38.587632";"INFO";"naas_logger";"2699ce2a-b6a6-4a61-9737-777890f58c30";"scheduler";"scheduler";"started";""
"2021-05-17 10:00:38.591682";"INFO";"naas_logger";"2699ce2a-b6a6-4a61-9737-777890f58c30";"scheduler";"scheduler";"healthy";""
"2021-05-17 10:01:38.591893";"INFO";"naas_logger";"e345cc0c-2c8c-43dc-9cb0-0adc4135d0e4";"scheduler";"scheduler";"started";""
"2021-05-17 10:01:38.595976";"INFO";"naas_logger";"e345cc0c-2c8c-43dc-9cb0-0adc4135d0e4";"scheduler";"scheduler";"healthy";""
"2021-05-17 10:02:38.587745";"INFO";"naas_logger";"6732f7e6-2bc2-4c41-ba62-ede65272c368";"scheduler";"scheduler";"started";""
"2021-05-17 10:02:38.591361";"INFO";"naas_logger";"6732f7e6-2bc2-4c41-ba62-ede65272c368";"scheduler";"scheduler";"healthy";""
